"station_id","name","mode","lat","lon","year_opens","act","lines","color","src"
"X131","Walnut Hill/Denton","metro","32.881529","-96.883758","2025","0","Green Line","#097138","extra"
"X130","Royal Lane","metro","32.895513","-96.888157","2025","0","Green Line","#097138","extra"
"X129","Farmers Branch","metro","32.921314","-96.896078","2025","0","Green Line","#097138","extra"
"X134","Inwood/Love Field","metro","32.821756","-96.833261","2025","0","Green Line;Orange Line","#097138","extra"
"X133","Burbank","metro","32.842702","-96.861651","2025","0","Green Line;Orange Line","#097138","extra"
"X132","Bachman","metro","32.853236","-96.877236","2025","0","Green Line;Orange Line","#097138","extra"
"X125","Parker Road","metro","33.03432","-96.700657","2025","0","Orange Line;Red Line","#F57C00","extra"
"X124","Downtown Plano","metro","33.021203","-96.700862","2025","0","Orange Line;Red Line","#F57C00","extra"
"X123","12th Street","metro","33.014509","-96.700996","2025","0","Orange Line;Red Line","#F57C00","extra"
"X128","Downtown Carrollton","metro","32.95404","-96.908049","2025","9041","Green Line;Cotton Belt;Beltline Line","#097138","extra"
"X127","Trinity Mills","metro","32.980453","-96.926089","2025","0","Green Line;A Train;Sherman Line (ROW)","#097138","extra"
"X126","North Carrollton/Frankford","metro","32.992155","-96.937439","2025","0","Green Line","#097138","extra"
"X143","Baylor University Medical Center","metro","32.786689","-96.781325","2025","0","Green Line","#097138","extra"
"X142","Deep Ellum","metro","32.785505","-96.78815","2025","0","Green Line","#097138","extra"
"X141","Pearl/Arts District","metro","32.786763","-96.79409","2025","69348","Green Line;Orange Line;Red Line;Blue Line;DNT Line - East","#097138","extra"
"X146","Hatcher","metro","32.766281","-96.74187","2025","0","Green Line","#097138","extra"
"X145","MLK Jr.","metro","32.773475","-96.764245","2025","5130","Green Line;DNT Line - East;Line 76","#097138","extra"
"X144","Fair Park","metro","32.781353","-96.76621","2025","0","Green Line","#097138","extra"
"X137","Victory","metro","32.789013","-96.812338","2025","35831","Green Line;TRE;Orange Line;Silver","#097138","extra"
"X136","Market Center","metro","32.804496","-96.82307","2025","0","Green Line;Orange Line","#097138","extra"
"X135","Southwestern Medical District/Parkland","metro","32.813304","-96.833266","2025","0","Green Line;Orange Line","#097138","extra"
"X140","Saint Paul","metro","32.784576","-96.796695","2025","97933","Green Line;Orange Line;Red Line;Blue Line;Line 76","#097138","extra"
"X139","Akard","metro","32.782015","-96.800167","2025","0","Green Line;Orange Line;Red Line;Blue Line","#097138","extra"
"X138","West End","metro","32.781003","-96.80499","2025","0","Green Line;Orange Line;Red Line;Blue Line","#097138","extra"
"X101","University of Dallas","metro","32.848753","-96.914543","2025","0","Orange Line","#F57C00","extra"
"X100","Las Colinas Urban Center","metro","32.868224","-96.933252","2025","0","Orange Line","#F57C00","extra"
"X099","Irving Convention Center","metro","32.876663","-96.938094","2025","0","Orange Line","#F57C00","extra"
"X119","Spring Valley","metro","32.941299","-96.737057","2025","0","Orange Line;Red Line","#F57C00","extra"
"X118","LBJ/Central","metro","32.918689","-96.751792","2025","0","Orange Line;Red Line","#F57C00","extra"
"X117","Forest Lane","metro","32.908824","-96.761325","2025","0","Orange Line;Red Line","#F57C00","extra"
"X122","CityLine/Bush","metro","33.00249","-96.702941","2025","0","Orange Line;Red Line;Cotton Belt","#F57C00","extra"
"X121","Galatyn Park","metro","32.985465","-96.71077","2025","0","Orange Line;Red Line","#F57C00","extra"
"X120","Arapaho Center","metro","32.963965","-96.722586","2025","0","Orange Line;Red Line","#F57C00","extra"
"X113","SMU/Mockingbird","metro","32.838193","-96.774435","2025","0","Orange Line;Red Line;Blue Line","#F57C00","extra"
"X112","CityPlace/Uptown","metro","32.806758","-96.793225","2025","0","Orange Line;Red Line;Blue Line","#F57C00","extra"
"X116","Walnut Hill","metro","32.883191","-96.764865","2025","0","Orange Line;Red Line","#F57C00","extra"
"X115","Park Lane","metro","32.873176","-96.765729","2025","0","Orange Line;Red Line","#F57C00","extra"
"X114","Lovers Lane","metro","32.849026","-96.771595","2025","0","Orange Line;Red Line","#F57C00","extra"
"X147","Lawnview","metro","32.765571","-96.719953","2025","0","Green Line","#097138","extra"
"X180","White Rock","metro","32.855521","-96.732718","2025","0","Blue Line","#A1C2FA","extra"
"X179","Lake Highlands","metro","32.878976","-96.730623","2025","0","Blue Line","#A1C2FA","extra"
"X178","LBJ/Skillman","metro","32.897934","-96.71223","2025","41170","Blue Line;Forest Lane BRT","#A1C2FA","extra"
"X174","Westmoreland","metro","32.719612","-96.872258","2025","0","Red Line","#A52714","extra"
"X173","Hampton","metro","32.726201","-96.855802","2025","0","Red Line","#A52714","extra"
"X172","Tyler/Vernon","metro","32.733033","-96.838999","2025","0","Red Line","#A52714","extra"
"X177","Forest/Jupiter","metro","32.90795","-96.68003","2025","0","Blue Line","#A1C2FA","extra"
"X176","Downtown Garland","metro","32.916252","-96.635921","2025","0","Blue Line","#A1C2FA","extra"
"X175","Downtown Rowlett","metro","32.904231","-96.563086","2025","0","Blue Line","#A1C2FA","extra"
"X192","Kiest","metro","32.706776","-96.800927","2025","0","Blue Line","#A1C2FA","extra"
"X191","Illinois","metro","32.722783","-96.805293","2025","0","Blue Line","#A1C2FA","extra"
"X190","Morrell","metro","32.739735","-96.802666","2025","0","Blue Line","#A1C2FA","extra"
"X196","UNT Dallas","metro","32.65388","-96.801574","2025","0","Blue Line","#A1C2FA","extra"
"X195","Camp Wisdom","metro","32.666083","-96.787899","2025","0","Blue Line","#A1C2FA","extra"
"X193","VA Medical Center","metro","32.69331","-96.792811","2025","0","Blue Line","#A1C2FA","extra"
"X189","8th & Corinth","metro","32.748008","-96.798735","2025","0","Blue Line;Red Line","#A1C2FA","extra"
"X188","Cedars","metro","32.76855","-96.79325","2025","0","Blue Line;Red Line","#A1C2FA","extra"
"X187","Union Station","metro","32.775497","-96.808019","2025","77095","Blue Line;TRE;Red Line;Jefferson Blvd BRT","#A1C2FA","extra"
"X149","Buckner","metro","32.718265","-96.684696","2025","0","Green Line","#097138","extra"
"X148","Lake June","metro","32.732028","-96.709088","2025","0","Green Line","#097138","extra"
"X171","Dallas Zoo","metro","32.740418","-96.813372","2025","0","Red Line","#A52714","extra"
"X098","North Lake College","metro","32.875156","-96.966591","2025","0","Orange Line","#F57C00","extra"
"X072","Fort Worth T&P","commuter","32.745306","-97.329001","2025","4927","Texrail;TexPress Expansion;TRE;Alvarado Line (ROW)","#5b6770","extra"
"X073","Fort Worth Central","commuter","32.751994","-97.325572","2025","42667","Texrail;TexRail 3rd exp;SE TexRail;FTW/Denton;TRE;Bowie Line (ROW);Gainesville Line (ROW)","#5b6770","extra"
"X318","DFW Airport North","metro","32.934261","-97.054329","2025","0","Cotton Belt","#8c969e","extra"
"X317","DFW Airport Terminal B","metro","32.906918","-97.041221","2025","0","Cotton Belt;Texrail;Orange Line","#8c969e","extra"
"X074","North Side","commuter","32.795759","-97.338064","2025","0","Texrail","#5b6770","extra"
"X077","North Richland Hills/Smithfield","commuter","32.864882","-97.211686","2025","0","Texrail","#5b6770","extra"
"X078","Grapevine-Main Street","commuter","32.933708","-97.077642","2025","0","Texrail","#5b6770","extra"
"X075","Mercantile Center","commuter","32.819569","-97.292877","2025","0","Texrail","#5b6770","extra"
"X076","North Richland Hills/Iron Horse","commuter","32.844595","-97.249724","2025","0","Texrail","#5b6770","extra"
"X325","12th Street","metro","33.015498","-96.698026","2025","0","Cotton Belt","#8c969e","extra"
"X194","Ledbetter","metro","32.682824","-96.788722","2025","0","Blue Line","#A1C2FA","extra"
"X326","Shiloh Road","metro","33.0125","-96.66537","2025","0","Cotton Belt","#8c969e","extra"
"X323","UT Dallas","metro","32.996497","-96.749607","2025","0","Cotton Belt","#8c969e","extra"
"X319","Cypress Waters","metro","32.950817","-96.982823","2025","0","Cotton Belt","#8c969e","extra"
"X322","Knoll Trail","metro","32.962958","-96.817204","2025","0","Cotton Belt","#8c969e","extra"
"X321","Addison","metro","32.959128","-96.827719","2025","0","Cotton Belt","#8c969e","extra"
"X091","Hebron","commuter","33.010593","-96.958731","2025","0","A Train","#5b6770","extra"
"X087","Trinity Lakes","commuter","32.805216","-97.21005","2025","0","TRE","#5b6770","extra"
"X092","Old Town","commuter","33.047791","-96.986572","2025","0","A Train","#5b6770","extra"
"X097","Belt Line","metro","32.887681","-96.986145","2025","0","Orange Line","#F57C00","extra"
"X095","Downtown Denton Transit Center","commuter","33.21385","-97.126216","2025","10865","A Train;FTW/Denton","#5b6770","extra"
"X093","Highland Village/Lewisville Lake","commuter","33.083903","-97.026097","2025","0","A Train","#5b6770","extra"
"X094","MedPark","commuter","33.182633","-97.091034","2025","0","A Train","#5b6770","extra"
"X084","West Irving","commuter","32.816138","-97.00777","2025","0","TRE","#5b6770","extra"
"X082","Medical/Market Center","commuter","32.809647","-96.841013","2025","40172","TRE;Ross Avenue BRT","#5b6770","extra"
"X085","CentrePort/DFW Airport","commuter","32.817043","-97.053542","2025","0","TRE","#5b6770","extra"
"X086","Bell","commuter","32.804628","-97.155799","2025","0","TRE","#5b6770","extra"
"X083","Downtown Irving/Heritage Crossing","commuter","32.814967","-96.948368","2025","0","TRE","#5b6770","extra"
"X041","Sundance Square SW","commuter","32.726976","-97.347332","2035","14260","TexPress Expansion","#5b6770","extra"
"X013","Six Points","brt","32.771588","-97.304906","2035","11718","3","#00838f","extra"
"X535","Sundance Square S","commuter","32.718392","-97.32487","2035","11586","Alvarado Line (ROW)","#5b6770","extra"
"X042","Sundance Square SW2","commuter","32.699481","-97.355351","2035","10581","TexPress Expansion","#5b6770","extra"
"X044","Texas Health Care Rheumatology","commuter","32.653816","-97.406791","2035","10007","TexPress Expansion","#5b6770","extra"
"X536","Tarrant County College South Campus NW","commuter","32.687373","-97.32941","2035","9288","Alvarado Line (ROW)","#5b6770","extra"
"X016","Sundance Square SE2","brt","32.723506","-97.304256","2035","6482","3","#00838f","extra"
"X018","Forest Hill","brt","32.690185","-97.295066","2035","6115","3","#00838f","extra"
"X538","Lytle","commuter","32.625449","-97.333281","2035","5527","Alvarado Line (ROW)","#5b6770","extra"
"X014","Fort Worth","brt","32.758462","-97.301758","2035","5340","3;Woodhaven direct","#00838f","extra"
"X015","Sundance Square SE","brt","32.741041","-97.30292","2035","5109","3","#00838f","extra"
"X541","Alvarado","commuter","32.406212","-97.20744","2035","2448","Alvarado Line (ROW)","#5b6770","extra"
"X046","Primrose","commuter","32.599686","-97.441755","2035","0","TexPress Expansion","#5b6770","extra"
"X210","Arts District","metro","32.785542","-96.802313","2040","109471","DNT Line - West","#E6EE9C","extra"
"X209","Pearl","metro","32.793373","-96.804541","2040","79715","DNT Line - West;Silver;Ross Avenue BRT","#E6EE9C","extra"
"X516","Uptown","brt","32.793671","-96.795061","2040","69775","Ross Avenue BRT","#00838f","extra"
"X513","Design District","brt","32.802911","-96.831542","2040","56232","Ross Avenue BRT","#00838f","extra"
"X211","Downtown","metro","32.77474","-96.793066","2040","48440","DNT Line - West","#E6EE9C","extra"
"X517","Old East Dallas","brt","32.802856","-96.780246","2040","45246","Ross Avenue BRT","#00838f","extra"
"X570","Dallas","commuter","32.773278","-96.806906","2040","35140","Terrell Line (ROW);Ennis Line (ROW)","#5b6770","extra"
"X208","Turtel Creek","metro","32.810308","-96.810316","2040","32298","DNT Line - West","#E6EE9C","extra"
"X514","Hi Line","brt","32.802581","-96.816117","2040","24531","Ross Avenue BRT","#00838f","extra"
"X205","Love Field","metro","32.844635","-96.848453","2040","20378","DNT Line - West","#E6EE9C","extra"
"X202","Forest and Marsh","metro","32.909175","-96.856885","2040","17522","DNT Line - West;Forest Lane BRT","#E6EE9C","extra"
"X207","Oak Lawn","metro","32.824236","-96.820054","2040","17344","DNT Line - West","#E6EE9C","extra"
"X198","Addison","metro","32.982482","-96.855162","2040","17114","DNT Line - West","#E6EE9C","extra"
"X197","Hebron","metro","32.996906","-96.847392","2040","15362","DNT Line - West","#E6EE9C","extra"
"X199","Addison W2","metro","32.963616","-96.853478","2040","13131","DNT Line - West","#E6EE9C","extra"
"X518","Swiss Avenue Historic District","brt","32.805587","-96.76883","2040","12839","Ross Avenue BRT","#00838f","extra"
"X577","Mesquite E","commuter","32.766778","-96.591464","2040","11724","Terrell Line (ROW)","#5b6770","extra"
"X200","Addison W","metro","32.953156","-96.855471","2040","11317","DNT Line - West;Beltline Line","#E6EE9C","extra"
"X497","Watters Creek","commuter","33.0518","-96.709","2040","11013","Collin Commuter;Legacy Line","#5b6770","extra"
"X500","McKinney","commuter","33.1976","-96.6155","2040","10279","Collin Commuter","#5b6770","extra"
"X574","Fair Park E8","commuter","32.77667","-96.701978","2040","9410","Terrell Line (ROW)","#5b6770","extra"
"X519","Swiss Avenue Historic District E","brt","32.812082","-96.752256","2040","7958","Ross Avenue BRT","#00838f","extra"
"X204","NW Highway and Marsh","metro","32.861413","-96.85671","2040","7658","DNT Line - West","#E6EE9C","extra"
"X498","Allen","commuter","33.103176","-96.670553","2040","7556","Collin Commuter","#5b6770","extra"
"X580","Terrell","commuter","32.735395","-96.275354","2040","7438","Terrell Line (ROW)","#5b6770","extra"
"X212","South Side","metro","32.768765","-96.784888","2040","6144","DNT Line - West;DNT Line - East;Line 76","#E6EE9C","extra"
"X203","Plz","metro","32.880668","-96.855836","2040","5736","DNT Line - West","#E6EE9C","extra"
"X213","Wheatley Place Historic District","metro","32.751366","-96.759004","2040","5585","DNT Line - West","#E6EE9C","extra"
"X201","Brookhaven","metro","32.928245","-96.855247","2040","5333","DNT Line - West","#E6EE9C","extra"
"X579","Forney","commuter","32.748402","-96.471231","2040","5212","Terrell Line (ROW)","#5b6770","extra"
"X540","Burleson","commuter","32.56312","-97.322804","2040","4899","Alvarado Line (ROW)","#5b6770","extra"
"X043","Texas Health Care Rheumatology E","commuter","32.676119","-97.380408","2040","4685","TexPress Expansion","#5b6770","extra"
"X023","Forest Hill E2","brt","32.662214","-97.244891","2040","4420","3","#00838f","extra"
"X017","Berry/Riverside","brt","32.705882","-97.304345","2040","2896","3;FW Crosstown Loop","#00838f","extra"
"X539","Crowley","commuter","32.594288","-97.328011","2040","2697","Alvarado Line (ROW)","#5b6770","extra"
"X537","Edgecliff Village","commuter","32.656317","-97.328773","2040","1553","Alvarado Line (ROW)","#5b6770","extra"
"X045","Mesa Springs","commuter","32.625706","-97.421017","2040","1477","TexPress Expansion","#5b6770","extra"
"X235","Uptown","metro","32.796682","-96.802103","2045","75755","DNT Line - East","#817717","extra"
"X229","Galleria","metro","32.928957","-96.818245","2045","65527","DNT Line - East","#817717","extra"
"X228","Addison South","metro","32.935855","-96.826149","2045","55578","DNT Line - East","#817717","extra"
"X225","Addison Circle","metro","32.964694","-96.826246","2045","53671","DNT Line - East","#817717","extra"
"X237","Downtown","metro","32.778222","-96.789895","2045","42296","DNT Line - East;Line 76","#817717","extra"
"X234","Turtel Creek","metro","32.811036","-96.807653","2045","36109","DNT Line - East","#817717","extra"
"X219","Eating Recovery Center Dallas / Plano NW","metro","33.087888","-96.819549","2045","33953","DNT Line - East","#817717","extra"
"X226","Addison E","metro","32.954124","-96.826527","2045","27350","DNT Line - East;Beltline Line","#817717","extra"
"X220","Eating Recovery Center Dallas / Plano W","metro","33.067785","-96.820826","2045","23676","DNT Line - East","#817717","extra"
"X525","Richland College","brt","32.909231","-96.734794","2045","21781","Forest Lane BRT","#00838f","extra"
"X526","Richardson SE","brt","32.909436","-96.717748","2045","21775","Forest Lane BRT","#00838f","extra"
"X523","Medical City Dallas","brt","32.909538","-96.7734","2045","21709","Forest Lane BRT","#00838f","extra"
"X232","A famous place","metro","32.863568","-96.806612","2045","20372","DNT Line - East","#817717","extra"
"X530","Bishop Arts District","brt","32.743228","-96.824896","2045","15276","Jefferson Blvd BRT","#00838f","extra"
"X223","Baylor Scott & White The Heart Hospital - Plano","metro","33.007264","-96.824618","2045","14729","DNT Line - East","#817717","extra"
"X215","Haven Behavioral Hospital Of Frisco","metro","33.150534","-96.834581","2045","14172","DNT Line - East","#817717","extra"
"X218","Dr pepper ballpark","metro","33.099252","-96.818468","2045","13148","DNT Line - East","#817717","extra"
"X533","Cockrell Hill NW","brt","32.742336","-96.891421","2045","11754","Jefferson Blvd BRT;Blue Ctd","#00838f","extra"
"X233","Highland Park Village","metro","32.836011","-96.805131","2045","11631","DNT Line - East","#817717","extra"
"X247","towne","metro","32.808804","-96.624036","2045","11313","DNT Line - East","#817717","extra"
"X246","Mesquite NW2","metro","32.802088","-96.645616","2045","11093","DNT Line - East","#817717","extra"
"X214","Frisco","metro","33.160926","-96.836717","2045","10549","DNT Line - East","#817717","extra"
"X531","Winnetka Heights Historic District","brt","32.746024","-96.849788","2045","10543","Jefferson Blvd BRT","#00838f","extra"
"X217","The T's","metro","33.116544","-96.823901","2045","10036","DNT Line - East;Legacy Line","#817717","extra"
"X524","Bouchard","brt","32.909255","-96.75414","2045","10023","Forest Lane BRT","#00838f","extra"
"X062","Roanoke","commuter","33.004737","-97.227651","2045","9769","FTW/Denton","#5b6770","extra"
"X058","Tarrant County College South Campus N","commuter","32.686117","-97.293445","2045","9200","SE TexRail","#5b6770","extra"
"X221","Dallas Baptist University (DBU North)","metro","33.047616","-96.822107","2045","9101","DNT Line - East","#817717","extra"
"X067","Watauga W","commuter","32.861858","-97.264477","2045","8592","FTW/Denton","#5b6770","extra"
"X059","Sundance Square S2","commuter","32.703517","-97.320866","2045","7799","SE TexRail","#5b6770","extra"
"X224","Addison","metro","32.985992","-96.825475","2045","7471","DNT Line - East","#817717","extra"
"X244","Fair Park E10","metro","32.777985","-96.682746","2045","10322","DNT Line - East;Line 76","#817717","extra"
"X532","Cockrell Hill NE","brt","32.743616","-96.873627","2045","7139","Jefferson Blvd BRT","#00838f","extra"
"X222","Hebron","metro","33.027448","-96.823388","2045","6911","DNT Line - East","#817717","extra"
"X591","Hillside Village","commuter","32.602019","-96.949672","2045","6890","Midlothian Line (ROW)","#5b6770","extra"
"X243","Fair Park E7","metro","32.779674","-96.704625","2045","6838","DNT Line - East;Line 76","#817717","extra"
"X241","Fair Park E","metro","32.783054","-96.74839","2045","6723","DNT Line - East;Line 76","#817717","extra"
"X057","Forest Hill E","commuter","32.672321","-97.25994","2045","6700","SE TexRail","#5b6770","extra"
"X521","Asian Trade District","brt","32.909488","-96.830546","2045","6583","Forest Lane BRT","#00838f","extra"
"X066","Watauga","commuter","32.893046","-97.259421","2045","6360","FTW/Denton","#5b6770","extra"
"X594","Oak Cliff","commuter","32.710056","-96.875803","2045","6202","Midlothian Line (ROW)","#5b6770","extra"
"X522","First Baptist Medical Center","brt","32.909408","-96.804066","2045","6176","Forest Lane BRT;DNT Line - East","#00838f","extra"
"X065","Keller W","commuter","32.92432","-97.255448","2045","5827","FTW/Denton","#5b6770","extra"
"X227","Addison S","metro","32.944895","-96.82778","2045","5036","DNT Line - East","#817717","extra"
"X576","Mesquite","commuter","32.773429","-96.627763","2045","4752","Terrell Line (ROW)","#5b6770","extra"
"X019","Forest Hill NW2","brt","32.680667","-97.27435","2045","4534","3","#00838f","extra"
"X020","Forest Hill NW","brt","32.680112","-97.273452","2045","4534","3","#00838f","extra"
"X499","Fairview","commuter","33.159586","-96.636305","2045","4097","Collin Commuter","#5b6770","extra"
"X571","South Dallas SW2","commuter","32.754554","-96.777526","2045","3611","Terrell Line (ROW);Ennis Line (ROW)","#5b6770","extra"
"X206","Oak Lawn NW","metro","32.8353","-96.8347","2045","3325","DNT Line - West","#E6EE9C","extra"
"X022","Forest Hill S","brt","32.661838","-97.267255","2045","2636","3","#00838f","extra"
"X248","Rowlett","metro","32.814214","-96.595111","2045","5800","DNT Line - East;Beltline Line","#817717","extra"
"X573","Fair Park E3","commuter","32.772681","-96.735004","2045","2394","Terrell Line (ROW)","#5b6770","extra"
"X572","Wheatley Place Historic District SE","commuter","32.745074","-96.752231","2045","2357","Terrell Line (ROW)","#5b6770","extra"
"X575","Mesquite W","commuter","32.776451","-96.664614","2045","1987","Terrell Line (ROW)","#5b6770","extra"
"X578","Mesquite E2","commuter","32.763191","-96.554276","2045","1593","Terrell Line (ROW)","#5b6770","extra"
"X021","Tarrant County College South Campus","brt","32.669789","-97.280205","2045","1578","3","#00838f","extra"
"X589","Midlothian","commuter","32.4824","-96.9942","2045","0","Midlothian Line (ROW)","#5b6770","extra"
"X055","Mansfield","commuter","32.567468","-97.142053","2045","0","SE TexRail;Purple line;Waxahachie Line (ROW)","#5b6770","extra"
"X262","Victory Park","metro","32.79089","-96.804995","2050","103257","Line 76","#880E4F","extra"
"X258","Bachman Lake","metro","32.81697","-96.843376","2050","54868","Line 76","#880E4F","extra"
"X259","Design District W","metro","32.80106","-96.839606","2050","54333","Line 76","#880E4F","extra"
"X261","Victory","metro","32.793024","-96.812029","2050","35831","Line 76","#880E4F","extra"
"X505","Eating Recovery Center Dallas / Plano NW2","metro","33.087719","-96.822523","2050","24036","Legacy Line","#0d8a4f","extra"
"X249","Great Restaurants","metro","32.85517","-96.992241","2050","18045","Line 76;Beltline Line;Purple line","#880E4F","extra"
"X250","Las Colinas SW","metro","32.866387","-96.984747","2050","18033","Line 76","#880E4F","extra"
"X506","Eating Recovery Center Dallas / Plano","metro","33.070527","-96.812679","2050","17551","Legacy Line","#0d8a4f","extra"
"X562","Carrollton NW2","commuter","32.957299","-96.906069","2050","15174","Sherman Line (ROW)","#5b6770","extra"
"X566","Frisco","commuter","33.151512","-96.828998","2050","14172","Sherman Line (ROW)","#5b6770","extra"
"X501","Frisco","metro","33.150543","-96.82393","2050","14172","Legacy Line","#0d8a4f","extra"
"X252","Irving N","metro","32.851703","-96.943125","2050","13833","Line 76","#880E4F","extra"
"X254","Irving E","metro","32.833485","-96.90292","2050","13199","Line 76","#880E4F","extra"
"X563","New Koreatown","commuter","32.978541","-96.878695","2050","11027","Sherman Line (ROW)","#5b6770","extra"
"X272","Balch Springs NW","metro","32.76295","-96.65676","2050","10445","Line 76","#880E4F","extra"
"X275","Mesquite NE","metro","32.766698","-96.59933","2050","12592","Line 76;Beltline Line","#880E4F","extra"
"X251","Irving","metro","32.859056","-96.963966","2050","9236","Line 76","#880E4F","extra"
"X510","Epic Strides E2","metro","33.053812","-96.731579","2050","8517","Legacy Line","#0d8a4f","extra"
"X509","Epic Strides E","metro","33.056879","-96.754307","2050","8093","Legacy Line","#0d8a4f","extra"
"X507","Eating Recovery Center Dallas / Plano SE","metro","33.065622","-96.791817","2050","7579","Legacy Line","#0d8a4f","extra"
"X273","Mesquite","metro","32.769479","-96.6374","2050","7107","Line 76","#880E4F","extra"
"X567","Prosper","commuter","33.238827","-96.806499","2050","6939","Sherman Line (ROW)","#5b6770","extra"
"X508","Epic Strides","metro","33.066417","-96.771688","2050","6926","Legacy Line","#0d8a4f","extra"
"X565","The Colony","commuter","33.09085","-96.856909","2050","6232","Sherman Line (ROW)","#5b6770","extra"
"X260","Design District","metro","32.792546","-96.82244","2050","5727","Line 76","#880E4F","extra"
"X253","Irving NE","metro","32.844351","-96.922285","2050","5395","Line 76","#880E4F","extra"
"X504","Dr pepper ballpark","metro","33.099276","-96.823246","2050","5122","Legacy Line","#0d8a4f","extra"
"X593","Duncanville NE","commuter","32.653377","-96.907193","2050","4977","Midlothian Line (ROW)","#5b6770","extra"
"X529","Dallas","brt","32.761614","-96.816138","2050","4889","Jefferson Blvd BRT","#00838f","extra"
"X070","Fort Worth","commuter","32.786577","-97.322962","2050","4869","FTW/Denton","#5b6770","extra"
"X239","Baylor South","metro","32.771691","-96.771463","2050","4680","DNT Line - East;Line 76","#817717","extra"
"X068","Watauga SW","commuter","32.832448","-97.275218","2050","4104","FTW/Denton","#5b6770","extra"
"X231","Meaders","metro","32.894904","-96.80415","2050","4061","DNT Line - East","#817717","extra"
"X245","Mesquite W2","metro","32.792474","-96.668165","2050","3926","DNT Line - East","#817717","extra"
"X590","Cedar Hill","commuter","32.571822","-96.959549","2050","3091","Midlothian Line (ROW)","#5b6770","extra"
"X216","Frisco S2","metro","33.133567","-96.82925","2050","3045","DNT Line - East","#817717","extra"
"X592","Duncanville","commuter","32.628386","-96.92989","2050","2706","Midlothian Line (ROW)","#5b6770","extra"
"X242","Fair Park E5","metro","32.781366","-96.726524","2050","2474","DNT Line - East;Line 76","#817717","extra"
"X056","Forest Hill","commuter","32.650651","-97.236002","2050","1898","SE TexRail","#5b6770","extra"
"X069","Haltom City","commuter","32.809646","-97.297779","2050","1792","FTW/Denton","#5b6770","extra"
"X064","Keller","commuter","32.95574","-97.254696","2050","1504","FTW/Denton","#5b6770","extra"
"X063","Roanoke SW","commuter","32.984351","-97.239123","2050","550","FTW/Denton","#5b6770","extra"
"X569","Sherman","commuter","33.640283","-96.606733","2050","0","Sherman Line (ROW)","#5b6770","extra"
"X032","A Stop","brt","32.749122","-97.337377","2055","40240","46","#00838f","extra"
"X033","TCC Trinity River","brt","32.754976","-97.339474","2055","35785","46","#00838f","extra"
"X031","Magnolia W","brt","32.73301","-97.339404","2055","25248","46","#00838f","extra"
"X557","Melody Hills","commuter","32.823646","-97.305714","2055","17110","Gainesville Line (ROW)","#5b6770","extra"
"X558","Fort Worth Stockyards National Historic District NE3","commuter","32.8148","-97.323206","2055","13991","Gainesville Line (ROW)","#5b6770","extra"
"X559","Fort Worth Stockyards National Historic District","commuter","32.793628","-97.338995","2055","8252","Gainesville Line (ROW);FW Crosstown Loop","#5b6770","extra"
"X554","Saginaw","commuter","32.889496","-97.362584","2055","6118","Gainesville Line (ROW)","#5b6770","extra"
"X036","Fair Oaks","brt","32.785505","-97.383375","2055","6053","46","#00838f","extra"
"X037","Sansom Park SE","brt","32.795679","-97.397625","2055","6048","46","#00838f","extra"
"X556","Fort Worth Stockyards National Historic District NE2","commuter","32.807445","-97.322807","2055","5244","Gainesville Line (ROW)","#5b6770","extra"
"X274","Mesquite NW","metro","32.776008","-96.618041","2055","4767","Line 76","#880E4F","extra"
"X568","Celina","commuter","33.324268","-96.78434","2055","4714","Sherman Line (ROW)","#5b6770","extra"
"X039","Lake Worth","brt","32.811075","-97.429509","2055","4148","46","#00838f","extra"
"X564","Hebron","commuter","33.027084","-96.86436","2055","3564","Sherman Line (ROW)","#5b6770","extra"
"X502","Frisco S","metro","33.133649","-96.823891","2055","2720","Legacy Line","#0d8a4f","extra"
"X257","Hi Line W","metro","32.812534","-96.862623","2055","2143","Line 76","#880E4F","extra"
"X255","Hi Line W3","metro","32.822594","-96.883509","2055","0","Line 76","#880E4F","extra"
"X551","Gainesville","commuter","33.625847","-97.140163","2055","0","Gainesville Line (ROW)","#5b6770","extra"
"X256","Hi Line W2","metro","32.808095","-96.881879","2055","0","Line 76","#880E4F","extra"
"X416","Pearl","metro","32.796184","-96.807948","2060","85483","Blue Ctd","#01579B","extra"
"X417","Uptown","metro","32.802683","-96.80098","2060","81187","Blue Ctd","#01579B","extra"
"X402","Grand Prairie","metro","32.753586","-97.030047","2060","29785","Blue Ctd","#01579B","extra"
"X400","Six Flags","metro","32.757252","-97.070628","2060","21502","Blue Ctd","#01579B","extra"
"X401","Great Southwest N","metro","32.750837","-97.047877","2060","21311","Blue Ctd","#01579B","extra"
"X418","Old East Dallas","metro","32.806144","-96.776314","2060","18018","Blue Ctd;Silver","#01579B","extra"
"X415","Design District","metro","32.788387","-96.819155","2060","17646","Blue Ctd","#01579B","extra"
"X489","TCU E","brt","32.706084","-97.353596","2060","16556","FW Crosstown Loop","#00838f","extra"
"X398","Downtown Arlington","metro","32.738854","-97.106215","2060","16051","Blue Ctd","#01579B","extra"
"X396","UTA W","metro","32.729918","-97.126886","2060","15687","Blue Ctd","#01579B","extra"
"X397","UTA E","metro","32.732415","-97.107201","2060","14334","Blue Ctd;Purple line","#01579B","extra"
"X414","Trinity Groves","metro","32.778593","-96.831922","2060","13354","Blue Ctd;Silver","#01579B","extra"
"X053","Fort Worth","commuter","32.726005","-97.324769","2060","12763","TexRail 3rd exp","#5b6770","extra"
"X395","Arlington","metro","32.721328","-97.14621","2060","11012","Blue Ctd","#01579B","extra"
"X413","Trinity Groves South?","metro","32.771676","-96.836196","2060","10996","Blue Ctd;Silver","#01579B","extra"
"X399","Cowboys/Rangers Stadiums","metro","32.750424","-97.088303","2060","10939","Blue Ctd;Purple line","#01579B","extra"
"X052","Sundance Square S3","commuter","32.698901","-97.343439","2060","10377","TexRail 3rd exp","#5b6770","extra"
"X424","Zacha Junction","metro","32.864521","-96.681006","2060","10269","Blue Ctd;Silver","#01579B","extra"
"X476","Haltom North","brt","32.801943","-97.263467","2060","10045","FW Crosstown Loop","#00838f","extra"
"X419","Swiss Avenue Historic District","metro","32.815408","-96.759123","2060","9783","Blue Ctd;Silver","#01579B","extra"
"X490","Bluebonnet Circle","brt","32.702455","-97.365547","2060","9433","FW Crosstown Loop","#00838f","extra"
"X488","Hemphill/Berry","brt","32.705848","-97.331702","2060","8973","FW Crosstown Loop","#00838f","extra"
"X420","Lakewood","metro","32.81273","-96.737445","2060","8798","Blue Ctd;Silver","#01579B","extra"
"X475","Haltom City","brt","32.795064","-97.286195","2060","8726","FW Crosstown Loop","#00838f","extra"
"X493","Ridgmar Mall SE","brt","32.715778","-97.411961","2060","8379","FW Crosstown Loop","#00838f","extra"
"X482","Ederville SW","brt","32.748642","-97.221013","2060","8169","FW Crosstown Loop","#00838f","extra"
"X410","Metrocare hillside adult mental health clinic and primary care S","metro","32.751744","-96.875119","2060","8144","Blue Ctd","#01579B","extra"
"X423","Reinhardt","metro","32.846252","-96.68701","2060","8093","Blue Ctd;Silver","#01579B","extra"
"X009","White Settlement SW","brt","32.74124","-97.467818","2060","8045","BRT","#00838f","extra"
"X051","Sundance Square S4","commuter","32.698878","-97.347578","2060","7933","TexRail 3rd exp","#5b6770","extra"
"X492","Waterside","brt","32.69897","-97.411832","2060","7695","FW Crosstown Loop","#00838f","extra"
"X472","Marine Park","brt","32.781215","-97.349047","2060","7547","FW Crosstown Loop","#00838f","extra"
"X494","Ridglea Hills","brt","32.728311","-97.416346","2060","7448","FW Crosstown Loop","#00838f","extra"
"X049","Edgecliff Village SW","commuter","32.641218","-97.353828","2060","7427","TexRail 3rd exp","#5b6770","extra"
"X422","Reinhardt W2","metro","32.832544","-96.703823","2060","7364","Blue Ctd;Silver","#01579B","extra"
"X491","Clearfork","brt","32.704353","-97.391898","2060","6909","FW Crosstown Loop","#00838f","extra"
"X029","Lancaster Ave","brt","32.746171","-97.311855","2060","6894","Woodhaven direct","#00838f","extra"
"X403","Indian Hills","metro","32.742398","-97.01558","2060","6821","Blue Ctd","#01579B","extra"
"X485","Lindberg NW","brt","32.713742","-97.260889","2060","6687","FW Crosstown Loop","#00838f","extra"
"X011","White Settlement NW","brt","32.76614","-97.468199","2060","6579","BRT","#00838f","extra"
"X002","BRT","brt","32.795438","-97.366084","2060","6454","BRT","#00838f","extra"
"X004","River Oaks","brt","32.773114","-97.399724","2060","6420","BRT","#00838f","extra"
"X584","Ennis","commuter","32.328437","-96.62703","2060","6238","Ennis Line (ROW)","#5b6770","extra"
"X481","Ederville","brt","32.764611","-97.213787","2060","5975","FW Crosstown Loop","#00838f","extra"
"X008","White Settlement","brt","32.73381","-97.452284","2060","5876","BRT","#00838f","extra"
"X477","Richland Hills","brt","32.809016","-97.244906","2060","5710","FW Crosstown Loop","#00838f","extra"
"X583","Hutchins","commuter","32.644041","-96.709898","2060","5440","Ennis Line (ROW)","#5b6770","extra"
"X404","Grand Prairie SE","metro","32.744779","-96.994978","2060","5105","Blue Ctd;Beltline Line","#01579B","extra"
"X010","White Settlement W","brt","32.759396","-97.46886","2060","5082","BRT","#00838f","extra"
"X495","Ridgmar Mall","brt","32.721773","-97.439904","2060","5069","FW Crosstown Loop","#00838f","extra"
"X030","S Main","brt","32.746524","-97.325622","2060","4927","Woodhaven direct","#00838f","extra"
"X001","Stockyards Main","brt","32.795073","-97.349091","2060","4925","BRT","#00838f","extra"
"X047","Crowley","commuter","32.578517","-97.359057","2060","4181","TexRail 3rd exp","#5b6770","extra"
"X392","Handley","metro","32.732464","-97.218083","2060","3917","Blue Ctd","#01579B","extra"
"X552","Sanger","commuter","33.363367","-97.169313","2060","3417","Gainesville Line (ROW)","#5b6770","extra"
"X024","Haltom City SE2","brt","32.777231","-97.223627","2060","2621","Woodhaven direct","#00838f","extra"
"X555","Saginaw SE","commuter","32.85818","-97.36069","2060","2419","Gainesville Line (ROW)","#5b6770","extra"
"X038","Sansom Park","brt","32.80466","-97.412922","2060","2054","46","#00838f","extra"
"X553","Saginaw N","commuter","32.920957","-97.361427","2060","2001","Gainesville Line (ROW)","#5b6770","extra"
"X035","Fort Worth Stockyards National Historic District SW","brt","32.776501","-97.368114","2060","1935","46","#00838f","extra"
"X034","Fort Worth","brt","32.766514","-97.352986","2060","1910","46","#00838f","extra"
"X012","Lockheed Gate","brt","32.765491","-97.446112","2060","1286","BRT","#00838f","extra"
"X496","Ridgmar Mall / BRT Transfer","brt","32.742491","-97.44034","2060","0","FW Crosstown Loop;BRT","#00838f","extra"
"X425","Zacha Junction N2","metro","32.881345","-96.674518","2060","0","Blue Ctd;Silver","#01579B","extra"
"X355","Cypress Waters SW","brt","32.910654","-96.993881","2065","33940","Beltline Line","#00838f","extra"
"X357","Las Colinas SW2","brt","32.866355","-96.991601","2065","23757","Beltline Line","#00838f","extra"
"X457","Carrier South","metro","32.777193","-97.048088","2065","22037","Purple line","#9C27B0","extra"
"X458","Great Southwest N","metro","32.752921","-97.045652","2065","21311","Purple line","#9C27B0","extra"
"X433","South Arlington","metro","32.707293","-97.130514","2065","19470","Purple line","#9C27B0","extra"
"X341","Richardson NW","brt","32.949068","-96.731669","2065","18334","Beltline Line","#00838f","extra"
"X344","Addison Double East","brt","32.953903","-96.803665","2065","17627","Beltline Line","#00838f","extra"
"X340","Richardson","brt","32.945317","-96.708159","2065","16258","Beltline Line","#00838f","extra"
"X437","Kindred Hospital Tarrant County","metro","32.772668","-97.097112","2065","16190","Purple line","#9C27B0","extra"
"X365","North Westchester Meadows NE2","brt","32.700689","-96.993883","2065","14879","Beltline Line","#00838f","extra"
"X432","Parks Mall","metro","32.681665","-97.133393","2065","14461","Purple line","#9C27B0","extra"
"X345","Addison","brt","32.95399","-96.818478","2065","12557","Beltline Line","#00838f","extra"
"X335","Garland","brt","32.899496","-96.630851","2065","11707","Beltline Line","#00838f","extra"
"X449","Estelle","metro","32.857035","-97.014692","2065","11220","Purple line","#9C27B0","extra"
"X451","Irving W2","metro","32.836421","-96.993238","2065","10841","Purple line","#9C27B0","extra"
"X332","Rose Hill","brt","32.851053","-96.598554","2065","10708","Beltline Line","#00838f","extra"
"X337","Garland N","brt","32.93957","-96.636033","2065","10606","Beltline Line","#00838f","extra"
"X439","Euless","metro","32.819701","-97.09822","2065","10382","Purple line","#9C27B0","extra"
"X391","Mesquite SE","brt","32.765285","-96.597063","2065","10324","Beltline Line","#00838f","extra"
"X349","Carrollton","brt","32.953535","-96.881998","2065","10298","Beltline Line","#00838f","extra"
"X342","Richardson W","brt","32.951149","-96.756057","2065","10253","Beltline Line","#00838f","extra"
"X434","UTA W","metro","32.729572","-97.13188","2065","10167","Purple line","#9C27B0","extra"
"X427","Dallas Baptist University (DBU Mansfield)","metro","32.584933","-97.138381","2065","10159","Purple line","#9C27B0","extra"
"X463","North Westchester Meadows W2","metro","32.662495","-97.042384","2065","9578","Purple line","#9C27B0","extra"
"X359","Irving W","brt","32.83413","-96.993594","2065","9497","Beltline Line","#00838f","extra"
"X328","Mesquite N","brt","32.781885","-96.595817","2065","9387","Beltline Line","#00838f","extra"
"X370","Hillside Village W","brt","32.605756","-96.951891","2065","9370","Beltline Line","#00838f","extra"
"X371","Hillside Village SE","brt","32.590047","-96.933692","2065","9146","Beltline Line","#00838f","extra"
"X464","Chester Village","metro","32.64489","-97.046062","2065","8379","Purple line","#9C27B0","extra"
"X347","Addison S Central","brt","32.954259","-96.838661","2065","8356","Beltline Line","#00838f","extra"
"X331","New Hope","brt","32.832896","-96.595815","2065","8240","Beltline Line","#00838f","extra"
"X462","Outlet Mall","metro","32.677846","-97.050527","2065","10752","Purple line;Silver","#9C27B0","extra"
"X354","Cypress Waters","brt","32.933014","-96.993699","2065","8123","Beltline Line","#00838f","extra"
"X459","Great Southwest","metro","32.732669","-97.045911","2065","7828","Purple line","#9C27B0","extra"
"X430","Ambercrest","metro","32.639556","-97.1346","2065","7802","Purple line","#9C27B0","extra"
"X343","Prestonwood","brt","32.949973","-96.780832","2065","7552","Beltline Line","#00838f","extra"
"X338","SpringPark","brt","32.945151","-96.658519","2065","7461","Beltline Line","#00838f","extra"
"X454","Shady Grove","metro","32.803394","-97.026115","2065","7413","Purple line","#9C27B0","extra"
"X388","Lawson","brt","32.706426","-96.586377","2065","6913","Beltline Line","#00838f","extra"
"X440","Euless W","metro","32.837569","-97.087339","2065","6508","Purple line","#9C27B0","extra"
"X441","Euless N","metro","32.858303","-97.082491","2065","6255","Purple line","#9C27B0","extra"
"X452","Irving W3","metro","32.817699","-96.993154","2065","6225","Purple line","#9C27B0","extra"
"X364","Indian Hills SE","brt","32.723","-96.994101","2065","6116","Beltline Line","#00838f","extra"
"X339","Whispering Hills","brt","32.945374","-96.683294","2065","6085","Beltline Line","#00838f","extra"
"X428","Trusted Medical Centers Mansfield","metro","32.602515","-97.144529","2065","6014","Purple line","#9C27B0","extra"
"X374","De Soto E","brt","32.589737","-96.854135","2065","5990","Beltline Line","#00838f","extra"
"X431","Enchanted Creek W","metro","32.660742","-97.134488","2065","5837","Purple line","#9C27B0","extra"
"X442","Euless N2","metro","32.868095","-97.070068","2065","5759","Purple line","#9C27B0","extra"
"X334","Garland Central","brt","32.880889","-96.623642","2065","5727","Beltline Line","#00838f","extra"
"X360","Irving W4","brt","32.812923","-96.993759","2065","5459","Beltline Line","#00838f","extra"
"X381","Wilmer","brt","32.59325","-96.675142","2065","5312","Beltline Line","#00838f","extra"
"X461","North Westchester Meadows NW","metro","32.693064","-97.046366","2065","5277","Purple line","#9C27B0","extra"
"X352","Valley Ranch","brt","32.953088","-96.961444","2065","5217","Beltline Line","#00838f","extra"
"X336","Garland NE","brt","32.920393","-96.630656","2065","5137","Beltline Line","#00838f","extra"
"X469","River Oaks S","brt","32.760046","-97.396793","2065","4979","FW Crosstown Loop","#00838f","extra"
"X484","Berry/Stalcup","brt","32.708631","-97.237985","2065","4864","FW Crosstown Loop;Silver","#00838f","extra"
"X478","North Richland Hills","brt","32.809053","-97.224417","2065","4676","FW Crosstown Loop","#00838f","extra"
"X407","Arcadia Park","metro","32.743796","-96.921395","2065","4607","Blue Ctd","#01579B","extra"
"X486","Renaissance Square","brt","32.713308","-97.285146","2065","4567","FW Crosstown Loop","#00838f","extra"
"X050","Edgecliff Village NW","commuter","32.672645","-97.351996","2065","4384","TexRail 3rd exp","#5b6770","extra"
"X406","Collins Learning Center","metro","32.74639","-96.944451","2065","3723","Blue Ctd","#01579B","extra"
"X483","Handley","brt","32.732446","-97.225386","2065","3693","FW Crosstown Loop","#00838f","extra"
"X470","Sundance Square W","brt","32.759326","-97.375428","2065","3288","FW Crosstown Loop","#00838f","extra"
"X588","Waxahachie","commuter","32.391661","-96.851799","2065","3282","Waxahachie Line (ROW)","#5b6770","extra"
"X025","Haltom City SE","brt","32.770435","-97.24392","2065","3116","Woodhaven direct","#00838f","extra"
"X003","Fair Oaks","brt","32.783828","-97.385837","2065","2974","BRT","#00838f","extra"
"X005","NAS JRB","brt","32.759658","-97.420915","2065","2863","BRT;FW Crosstown Loop","#00838f","extra"
"X408","Cockrell Hill W","metro","32.731556","-96.908861","2065","2659","Blue Ctd","#01579B","extra"
"X006","BRT/ Subway","brt","32.751981","-97.431686","2065","2495","BRT;FW Crosstown Loop","#00838f","extra"
"X048","Crowley N","commuter","32.609765","-97.355266","2065","2486","TexRail 3rd exp","#5b6770","extra"
"X471","Fort Worth","brt","32.767123","-97.35955","2065","1910","FW Crosstown Loop","#00838f","extra"
"X027","Sundance Square E2","brt","32.765235","-97.286496","2065","1843","Woodhaven direct","#00838f","extra"
"X421","Lakewood E","metro","32.817854","-96.719274","2065","1805","Blue Ctd;Silver","#01579B","extra"
"X394","Arlington Lakeside","metro","32.720482","-97.172103","2065","1778","Blue Ctd","#01579B","extra"
"X480","Ederville N","brt","32.778605","-97.217085","2065","1580","FW Crosstown Loop","#00838f","extra"
"X405","Grand Prairie E","metro","32.746213","-96.969747","2065","1433","Blue Ctd","#01579B","extra"
"X474","Fort Worth Stockyards National Historic District E","brt","32.795182","-97.312537","2065","0","FW Crosstown Loop","#00838f","extra"
"X393","Arlington Lakeside W","metro","32.728887","-97.19271","2065","0","Blue Ctd","#01579B","extra"
"X465","Lake Port Village","metro","32.627499","-97.039729","2065","0","Purple line","#9C27B0","extra"
"X479","Riverbend","brt","32.794513","-97.22122","2065","0","FW Crosstown Loop","#00838f","extra"
"X411","Metrocare hillside adult mental health clinic and primary care","metro","32.772777","-96.873934","2065","0","Blue Ctd","#01579B","extra"
"X026","Haltom City","brt","32.76654","-97.264264","2065","0","Woodhaven direct","#00838f","extra"
"X412","Metrocare hillside adult mental health clinic and primary care NE","metro","32.772788","-96.855792","2065","0","Blue Ctd","#01579B","extra"
"X308","Uptown","metro","32.797618","-96.793614","2070","74308","Silver","#BDBDBD","extra"
"X303","Bishop Arts District W","metro","32.751651","-96.835364","2070","23177","Silver","#BDBDBD","extra"
"X547","Fort Worth Stockyards National Historic District NE4","commuter","32.822461","-97.329386","2070","15735","Bowie Line (ROW)","#5b6770","extra"
"X295","Duncanville SW","metro","32.650277","-96.90936","2070","12655","Silver","#BDBDBD","extra"
"X284","Arlington Highlands","metro","32.684547","-97.103188","2070","10099","Silver","#BDBDBD","extra"
"X297","A mall","metro","32.662257","-96.879374","2070","9990","Silver","#BDBDBD","extra"
"X300","Oak Cliff SE","metro","32.699723","-96.837642","2070","9800","Silver","#BDBDBD","extra"
"X296","Duncanville NE2","metro","32.661896","-96.900495","2070","9652","Silver","#BDBDBD","extra"
"X289","North Westchester Meadows","metro","32.676136","-97.009154","2070","8984","Silver","#BDBDBD","extra"
"X301","Oak Cliff E","metro","32.718279","-96.829926","2070","8490","Silver","#BDBDBD","extra"
"X280","Lindberg E","metro","32.680454","-97.195266","2070","7974","Silver","#BDBDBD","extra"
"X302","Bishop Arts District","metro","32.738123","-96.824648","2070","7476","Silver","#BDBDBD","extra"
"X549","Fort Worth Stockyards National Historic District NE","commuter","32.806027","-97.32677","2070","7070","Bowie Line (ROW)","#5b6770","extra"
"X279","Lindberg","metro","32.669236","-97.215501","2070","6679","Silver","#BDBDBD","extra"
"X548","Haltom City","commuter","32.824214","-97.283641","2070","5995","Bowie Line (ROW)","#5b6770","extra"
"X299","Oak Cliff S","metro","32.684206","-96.853806","2070","5431","Silver","#BDBDBD","extra"
"X293","Sunset Acres S","metro","32.644654","-96.95588","2070","5202","Silver","#BDBDBD","extra"
"X546","Saginaw","commuter","32.876283","-97.364532","2070","5196","Bowie Line (ROW)","#5b6770","extra"
"X281","Lindberg E2","metro","32.682242","-97.173402","2070","5054","Silver","#BDBDBD","extra"
"X329","Mesquite N2","brt","32.798051","-96.59574","2070","4985","Beltline Line","#00838f","extra"
"X282","Dalworthington Gardens","metro","32.677733","-97.152429","2070","4800","Silver","#BDBDBD","extra"
"X294","Duncanville","metro","32.647332","-96.931295","2070","4720","Silver","#BDBDBD","extra"
"X373","De Soto","brt","32.58992","-96.880645","2070","4632","Beltline Line","#00838f","extra"
"X375","Mill Creek Estates W","brt","32.589654","-96.827612","2070","4610","Beltline Line","#00838f","extra"
"X389","Balch Springs","brt","32.7242","-96.599547","2070","4494","Beltline Line","#00838f","extra"
"X333","Centerville","brt","32.867389","-96.608192","2070","4328","Beltline Line","#00838f","extra"
"X377","Lancaster","brt","32.592046","-96.775173","2070","4270","Beltline Line","#00838f","extra"
"X456","Indian Hills NW","metro","32.788801","-97.054433","2070","3379","Purple line","#9C27B0","extra"
"X286","Enchanted Creek NE","metro","32.678326","-97.069456","2070","3214","Silver","#BDBDBD","extra"
"X285","Enchanted Creek","metro","32.679577","-97.083556","2070","3197","Silver","#BDBDBD","extra"
"X376","Mill Creek Estates","brt","32.592625","-96.8016","2070","3185","Beltline Line","#00838f","extra"
"X278","Lindberg SW","metro","32.67166","-97.239208","2070","3162","Silver","#BDBDBD","extra"
"X460","Indian Hills SW","metro","32.71206","-97.044563","2070","2855","Purple line","#9C27B0","extra"
"X544","Saginaw NW2","commuter","32.921962","-97.406308","2070","2807","Bowie Line (ROW)","#5b6770","extra"
"X438","Viridian","metro","32.799898","-97.098101","2070","2787","Purple line","#9C27B0","extra"
"X372","Hillside Village E","brt","32.589941","-96.907169","2070","2701","Beltline Line","#00838f","extra"
"X586","Britton","commuter","32.550076","-97.06934","2070","2667","Waxahachie Line (ROW)","#5b6770","extra"
"X292","Sunset Acres SW","metro","32.658702","-96.97194","2070","2652","Silver","#BDBDBD","extra"
"X353","Coppell","brt","32.949765","-96.98524","2070","2581","Beltline Line","#00838f","extra"
"X545","Saginaw NW","commuter","32.893726","-97.392102","2070","2389","Bowie Line (ROW)","#5b6770","extra"
"X390","Mesquite S","brt","32.743838","-96.599038","2070","2353","Beltline Line","#00838f","extra"
"X368","Sunset Acres SW2","brt","32.639035","-96.972011","2070","2334","Beltline Line","#00838f","extra"
"X366","North Westchester Meadows NE","brt","32.681386","-96.985113","2070","2178","Beltline Line","#00838f","extra"
"X290","North Westchester Meadows E","metro","32.672117","-96.984393","2070","2178","Silver","#BDBDBD","extra"
"X283","Parks Mall","metro","32.678092","-97.133189","2070","2168","Silver","#BDBDBD","extra"
"X288","North Westchester Meadows W","metro","32.676544","-97.031314","2070","1916","Silver","#BDBDBD","extra"
"X455","Shady Grove W","metro","32.798267","-97.046867","2070","1401","Purple line","#9C27B0","extra"
"X367","Sunset Acres W","brt","32.659681","-96.981397","2070","1015","Beltline Line","#00838f","extra"
"X386","Kleberg","brt","32.671229","-96.608239","2070","0","Beltline Line","#00838f","extra"
"X387","Sand Branch N","brt","32.686912","-96.589325","2070","0","Beltline Line","#00838f","extra"
"X382","Wilmer NE","brt","32.604004","-96.651997","2070","0","Beltline Line","#00838f","extra"
"X351","Valley Ranch NE","brt","32.951189","-96.934964","2070","0","Beltline Line","#00838f","extra"
"X443","Euless NE","metro","32.862951","-97.04889","2070","0","Purple line","#9C27B0","extra"
"X385","Sand Branch NW","brt","32.651995","-96.617228","2070","0","Beltline Line","#00838f","extra"
"X379","Lancaster E","brt","32.587594","-96.725592","2070","0","Beltline Line","#00838f","extra"
"X587","Midlothian","commuter","32.487466","-96.990649","2070","0","Waxahachie Line (ROW)","#5b6770","extra"
"X380","Wilmer W","brt","32.5875","-96.699237","2070","0","Beltline Line","#00838f","extra"
"X384","Sand Branch","brt","32.630735","-96.613406","2070","0","Beltline Line","#00838f","extra"
"X383","Sand Branch SW","brt","32.613677","-96.628201","2070","0","Beltline Line","#00838f","extra"
"X378","Lancaster SE","brt","32.584991","-96.751793","2070","0","Beltline Line","#00838f","extra"
"X446","Cypress Waters SW3","metro","32.89228","-97.039415","2070","0","Purple line","#9C27B0","extra"
"X298","Vibra Specialty Hospital of Desoto","metro","32.671428","-96.868421","2070","0","Silver","#BDBDBD","extra"
"X444","Texas Health Surgical Specialists","metro","32.877069","-97.041625","2070","0","Purple line","#9C27B0","extra"
"X445","Cypress Waters SW2","metro","32.897739","-97.0414","2070","0","Purple line","#9C27B0","extra"
"X448","Estelle SW","metro","32.857619","-97.031744","2070","0","Purple line","#9C27B0","extra"
"X543","Decatur","commuter","33.235616","-97.580358","2070","0","Bowie Line (ROW)","#5b6770","extra"
"X453","Shady Grove NE","metro","32.816127","-97.012316","2070","0","Purple line","#9C27B0","extra"
"X447","Estelle W","metro","32.871596","-97.039514","2070","0","Purple line","#9C27B0","extra"
"X291","Sunset Acres","metro","32.669856","-96.96478","2070","0","Silver","#BDBDBD","extra"
"X277","Forest Hill","metro","32.6931","-97.239049","2070","0","Silver","#BDBDBD","extra"
"X542","Bowie","commuter","33.558088","-97.849522","2070","0","Bowie Line (ROW)","#5b6770","extra"
"X369","Cedar Hill","brt","32.617491","-96.973801","2070","0","Beltline Line","#00838f","extra"
"X429","La Frontera","metro","32.618548","-97.138215","2070","0","Purple line","#9C27B0","extra"
"X362","Entertainment","brt","32.770589","-96.99494","2070","0","Beltline Line","#00838f","extra"
"X356","Las Colinas","brt","32.888715","-96.991131","2070","0","Beltline Line","#00838f","extra"
"X361","Indian Hills N","brt","32.79174","-96.994444","2070","0","Beltline Line","#00838f","extra"
