"station_id","name","mode","src","year_opens","term","act1k","fwy_m","feasibility","lat","lon"
"X227","Addison S","metro","extra","2045","0","5036","435","moderate","32.944895","-96.82778"
"X281","Lindberg E2","metro","extra","2070","0","5054","710","moderate","32.682242","-97.173402"
"X495","Ridgmar Mall","brt","extra","2060","0","5069","1583","moderate","32.721773","-97.439904"
"X010","White Settlement W","brt","extra","2060","0","5082","835","moderate","32.759396","-97.46886"
"S051","Altamesa","metro","fw","2035","1","5096","273","moderate","32.638","-97.413"
"X404","Grand Prairie SE","metro","extra","2060","0","5105","1513","moderate","32.744779","-96.994978"
"X015","Sundance Square SE","brt","extra","2035","0","5109","49","moderate","32.741041","-97.30292"
"X504","Dr pepper ballpark","metro","extra","2050","0","5122","94","moderate","33.099276","-96.823246"
"X336","Garland NE","brt","extra","2065","0","5137","3378","moderate","32.920393","-96.630656"
"X546","Saginaw","commuter","extra","2070","0","5196","4070","moderate","32.876283","-97.364532"
"X293","Sunset Acres S","metro","extra","2070","0","5202","2655","moderate","32.644654","-96.95588"
"X579","Forney","commuter","extra","2040","0","5212","865","moderate","32.748402","-96.471231"
"X352","Valley Ranch","brt","extra","2065","0","5217","3949","moderate","32.953088","-96.961444"
"X556","Fort Worth Stockyards National Historic District NE2","commuter","extra","2055","0","5244","565","moderate","32.807445","-97.322807"
"X461","North Westchester Meadows NW","metro","extra","2065","0","5277","1613","moderate","32.693064","-97.046366"
"X381","Wilmer","brt","extra","2065","0","5312","420","moderate","32.59325","-96.675142"
"X201","Brookhaven","metro","extra","2040","0","5333","971","moderate","32.928245","-96.855247"
"X014","Fort Worth","brt","extra","2035","0","5340","1040","moderate","32.758462","-97.301758"
"X253","Irving NE","metro","extra","2050","0","5395","698","moderate","32.844351","-96.922285"
"X299","Oak Cliff S","metro","extra","2070","0","5431","276","moderate","32.684206","-96.853806"
"X583","Hutchins","commuter","extra","2060","0","5440","405","moderate","32.644041","-96.709898"
"X360","Irving W4","brt","extra","2065","0","5459","2653","moderate","32.812923","-96.993759"
"X538","Lytle","commuter","extra","2035","0","5527","1102","moderate","32.625449","-97.333281"
"X213","Wheatley Place Historic District","metro","extra","2040","1","5585","578","moderate","32.751366","-96.759004"
"X477","Richland Hills","brt","extra","2060","0","5710","1755","moderate","32.809016","-97.244906"
"X334","Garland Central","brt","extra","2065","0","5727","3851","moderate","32.880889","-96.623642"
"X260","Design District","metro","extra","2050","0","5727","726","moderate","32.792546","-96.82244"
"X203","Plz","metro","extra","2040","0","5736","3865","moderate","32.880668","-96.855836"
"X442","Euless N2","metro","extra","2065","0","5759","341","moderate","32.868095","-97.070068"
"X248","Rowlett","metro","extra","2045","1","5800","2561","moderate","32.814214","-96.595111"
"X065","Keller W","commuter","extra","2045","0","5827","5878","moderate","32.92432","-97.255448"
"X431","Enchanted Creek W","metro","extra","2065","0","5837","1602","moderate","32.660742","-97.134488"
"X008","White Settlement","brt","extra","2060","0","5876","483","moderate","32.73381","-97.452284"
"X481","Ederville","brt","extra","2060","0","5975","101","moderate","32.764611","-97.213787"
"X374","De Soto E","brt","extra","2065","0","5990","6014","moderate","32.589737","-96.854135"
"X548","Haltom City","commuter","extra","2070","0","5995","1656","moderate","32.824214","-97.283641"
"X428","Trusted Medical Centers Mansfield","metro","extra","2065","0","6014","595","moderate","32.602515","-97.144529"
"X037","Sansom Park SE","brt","extra","2055","0","6048","2431","moderate","32.795679","-97.397625"
"X036","Fair Oaks","brt","extra","2055","0","6053","4095","moderate","32.785505","-97.383375"
"X339","Whispering Hills","brt","extra","2065","0","6085","5082","moderate","32.945374","-96.683294"
"X018","Forest Hill","brt","extra","2035","0","6115","2415","moderate","32.690185","-97.295066"
"X364","Indian Hills SE","brt","extra","2065","0","6116","3917","moderate","32.723","-96.994101"
"X554","Saginaw","commuter","extra","2055","0","6118","3153","moderate","32.889496","-97.362584"
"X212","South Side","metro","extra","2040","0","6144","666","moderate","32.768765","-96.784888"
"X522","First Baptist Medical Center","brt","extra","2045","0","6176","933","moderate","32.909408","-96.804066"
"X594","Oak Cliff","commuter","extra","2045","1","6202","4339","moderate","32.710056","-96.875803"
"X452","Irving W3","metro","extra","2065","0","6225","2125","moderate","32.817699","-96.993154"
"X565","The Colony","commuter","extra","2050","0","6232","1006","moderate","33.09085","-96.856909"
"X584","Ennis","commuter","extra","2060","1","6238","39005","moderate","32.328437","-96.62703"
"X441","Euless N","metro","extra","2065","0","6255","1916","moderate","32.858303","-97.082491"
"X066","Watauga","commuter","extra","2045","0","6360","5830","moderate","32.893046","-97.259421"
"X004","River Oaks","brt","extra","2060","0","6420","4347","moderate","32.773114","-97.399724"
"X002","BRT","brt","extra","2060","0","6454","3948","moderate","32.795438","-97.366084"
"X016","Sundance Square SE2","brt","extra","2035","0","6482","659","moderate","32.723506","-97.304256"
"X440","Euless W","metro","extra","2065","0","6508","49","moderate","32.837569","-97.087339"
"X011","White Settlement NW","brt","extra","2060","0","6579","773","moderate","32.76614","-97.468199"
"X521","Asian Trade District","brt","extra","2045","0","6583","1482","moderate","32.909488","-96.830546"
"X279","Lindberg","metro","extra","2070","0","6679","30","moderate","32.669236","-97.215501"
"X485","Lindberg NW","brt","extra","2060","0","6687","1205","moderate","32.713742","-97.260889"
"X057","Forest Hill E","commuter","extra","2045","0","6700","1187","moderate","32.672321","-97.25994"
"X241","Fair Park E","metro","extra","2045","0","6723","904","moderate","32.783054","-96.74839"
"S026","La Gran Plaza","metro","fw","2055","0","6809","357","moderate","32.686311","-97.324517"
"X403","Indian Hills","metro","extra","2060","0","6821","437","moderate","32.742398","-97.01558"
"X243","Fair Park E7","metro","extra","2045","0","6838","1576","moderate","32.779674","-96.704625"
"X591","Hillside Village","commuter","extra","2045","0","6890","1127","moderate","32.602019","-96.949672"
"S037","Lancaster Ave","metro","fw","2040","0","6894","190","moderate","32.74615","-97.311855"
"X029","Lancaster Ave","brt","extra","2060","0","6894","187","moderate","32.746171","-97.311855"
"X491","Clearfork","brt","extra","2060","0","6909","1090","moderate","32.704353","-97.391898"
"X222","Hebron","metro","extra","2045","0","6911","552","moderate","33.027448","-96.823388"
"X388","Lawson","brt","extra","2065","0","6913","230","moderate","32.706426","-96.586377"
"X508","Epic Strides","metro","extra","2050","0","6926","4467","moderate","33.066417","-96.771688"
"X567","Prosper","commuter","extra","2050","0","6939","2213","moderate","33.238827","-96.806499"
"S042","Lake Worth","metro","fw","2055","1","6988","102","moderate","32.8122","-97.4298"
"X549","Fort Worth Stockyards National Historic District NE","commuter","extra","2070","0","7070","770","moderate","32.806027","-97.32677"
"X273","Mesquite","metro","extra","2050","0","7107","1325","moderate","32.769479","-96.6374"
"X532","Cockrell Hill NE","brt","extra","2045","0","7139","2616","moderate","32.743616","-96.873627"
"S004","Stockyards Main","metro","fw","2035","0","7252","5073","moderate","32.788871","-97.349159"
"X422","Reinhardt W2","metro","extra","2060","0","7364","4210","moderate","32.832544","-96.703823"
"X454","Shady Grove","metro","extra","2065","0","7413","715","moderate","32.803394","-97.026115"
"X049","Edgecliff Village SW","commuter","extra","2060","0","7427","2821","moderate","32.641218","-97.353828"
"X580","Terrell","commuter","extra","2040","1","7438","1000000","moderate","32.735395","-96.275354"
"S030","Ridglea Hills","metro","fw","2040","0","7448","701","moderate","32.728315","-97.416349"
"X494","Ridglea Hills","brt","extra","2060","0","7448","702","moderate","32.728311","-97.416346"
"X338","SpringPark","brt","extra","2065","0","7461","2770","moderate","32.945151","-96.658519"
"X224","Addison","metro","extra","2045","0","7471","306","moderate","32.985992","-96.825475"
"X302","Bishop Arts District","metro","extra","2070","0","7476","56","moderate","32.738123","-96.824648"
"S038","Polytechnic/Weslyan","metro","fw","2040","0","7477","1376","moderate","32.731635","-97.283472"
"S005","Marine Park","metro","fw","2035","0","7547","4260","moderate","32.781243","-97.348986"
"X472","Marine Park","brt","extra","2060","0","7547","4259","moderate","32.781215","-97.349047"
"X343","Prestonwood","brt","extra","2065","0","7552","2811","moderate","32.949973","-96.780832"
"X498","Allen","commuter","extra","2040","0","7556","599","moderate","33.103176","-96.670553"
"X507","Eating Recovery Center Dallas / Plano SE","metro","extra","2050","0","7579","3680","moderate","33.065622","-96.791817"
"X204","NW Highway and Marsh","metro","extra","2040","0","7658","4105","moderate","32.861413","-96.85671"
"X492","Waterside","brt","extra","2060","0","7695","542","moderate","32.69897","-97.411832"
"X059","Sundance Square S2","commuter","extra","2045","0","7799","12","moderate","32.703517","-97.320866"
"X430","Ambercrest","metro","extra","2065","0","7802","3917","moderate","32.639556","-97.1346"
"X459","Great Southwest","metro","extra","2065","0","7828","2964","moderate","32.732669","-97.045911"
"X051","Sundance Square S4","commuter","extra","2060","0","7933","3481","moderate","32.698878","-97.347578"
"X519","Swiss Avenue Historic District E","brt","extra","2040","1","7958","2299","moderate","32.812082","-96.752256"
"X280","Lindberg E","metro","extra","2070","0","7974","595","moderate","32.680454","-97.195266"
"X009","White Settlement SW","brt","extra","2060","0","8045","333","moderate","32.74124","-97.467818"
"X509","Epic Strides E","metro","extra","2050","0","8093","5918","moderate","33.056879","-96.754307"
"X423","Reinhardt","metro","extra","2060","0","8093","2897","moderate","32.846252","-96.68701"
"X354","Cypress Waters","brt","extra","2065","0","8123","924","moderate","32.933014","-96.993699"
"X410","Metrocare hillside adult mental health clinic and primary care S","metro","extra","2060","0","8144","1725","moderate","32.751744","-96.875119"
"X482","Ederville SW","brt","extra","2060","0","8169","67","moderate","32.748642","-97.221013"
"S049","Bluebonnet Circle","metro","fw","2035","1","8227","3177","moderate","32.6991","-97.3604"
"X331","New Hope","brt","extra","2065","0","8240","724","moderate","32.832896","-96.595815"
"X559","Fort Worth Stockyards National Historic District","commuter","extra","2055","0","8252","3729","moderate","32.793628","-97.338995"
"X347","Addison S Central","brt","extra","2065","0","8356","1476","moderate","32.954259","-96.838661"
"X464","Chester Village","metro","extra","2065","0","8379","1522","moderate","32.64489","-97.046062"
"X493","Ridgmar Mall SE","brt","extra","2060","0","8379","1085","moderate","32.715778","-97.411961"
"S052","Woodhaven","metro","fw","2050","0","8485","434","moderate","32.7638","-97.2261"
"X301","Oak Cliff E","metro","extra","2070","0","8490","151","moderate","32.718279","-96.829926"
"X510","Epic Strides E2","metro","extra","2050","0","8517","5508","moderate","33.053812","-96.731579"
"X067","Watauga W","commuter","extra","2045","0","8592","2446","moderate","32.861858","-97.264477"
"S027","Stonegate","metro","fw","2035","0","8710","610","moderate","32.71112","-97.386631"
"X475","Haltom City","brt","extra","2060","0","8726","1863","moderate","32.795064","-97.286195"
"X420","Lakewood","metro","extra","2060","0","8798","2317","moderate","32.81273","-96.737445"
"S025","Hemphill/Berry","metro","fw","2055","0","8973","1026","moderate","32.705877","-97.331703"
"X488","Hemphill/Berry","brt","extra","2060","0","8973","1026","moderate","32.705848","-97.331702"
"X289","North Westchester Meadows","metro","extra","2070","0","8984","45","moderate","32.676136","-97.009154"
"X221","Dallas Baptist University (DBU North)","metro","extra","2045","0","9101","703","moderate","33.047616","-96.822107"
"X371","Hillside Village SE","brt","extra","2065","0","9146","850","moderate","32.590047","-96.933692"
"X058","Tarrant County College South Campus N","commuter","extra","2045","0","9200","2018","moderate","32.686117","-97.293445"
"X251","Irving","metro","extra","2050","0","9236","2432","moderate","32.859056","-96.963966"
"S029","Waterside","metro","fw","2035","0","9260","815","moderate","32.698982","-97.415358"
"X536","Tarrant County College South Campus NW","commuter","extra","2035","0","9288","817","moderate","32.687373","-97.32941"
"X370","Hillside Village W","brt","extra","2065","0","9370","1551","moderate","32.605756","-96.951891"
"X328","Mesquite N","brt","extra","2065","0","9387","927","moderate","32.781885","-96.595817"
"X574","Fair Park E8","commuter","extra","2040","0","9410","1899","moderate","32.77667","-96.701978"
"X490","Bluebonnet Circle","brt","extra","2060","0","9433","2750","moderate","32.702455","-97.365547"
"X359","Irving W","brt","extra","2065","0","9497","311","moderate","32.83413","-96.993594"
"X463","North Westchester Meadows W2","metro","extra","2065","0","9578","1523","moderate","32.662495","-97.042384"
"X296","Duncanville NE2","metro","extra","2070","0","9652","195","moderate","32.661896","-96.900495"
"X062","Roanoke","commuter","extra","2045","0","9769","829","moderate","33.004737","-97.227651"
"X419","Swiss Avenue Historic District","metro","extra","2060","0","9783","2700","moderate","32.815408","-96.759123"
"X300","Oak Cliff SE","metro","extra","2070","0","9800","7","moderate","32.699723","-96.837642"
"X297","A mall","metro","extra","2070","0","9990","696","moderate","32.662257","-96.879374"
"X044","Texas Health Care Rheumatology","commuter","extra","2035","0","10007","890","moderate","32.653816","-97.406791"
"X524","Bouchard","brt","extra","2045","0","10023","1230","moderate","32.909255","-96.75414"
"X217","The T's","metro","extra","2045","0","10036","87","moderate","33.116544","-96.823901"
"S015","S Main S","metro","fw","2035","0","10038","500","moderate","32.737917","-97.32595"
"S041","Haltom North","metro","fw","2050","0","10045","1689","moderate","32.802861","-97.26453"
"X476","Haltom North","brt","extra","2060","0","10045","1560","moderate","32.801943","-97.263467"
"X284","Arlington Highlands","metro","extra","2070","0","10099","722","moderate","32.684547","-97.103188"
"X427","Dallas Baptist University (DBU Mansfield)","metro","extra","2065","0","10159","114","moderate","32.584933","-97.138381"
"X434","UTA W","metro","extra","2065","0","10167","3338","moderate","32.729572","-97.13188"
"S002","Mercado","metro","fw","2035","0","10250","3678","moderate","32.804604","-97.351422"
"X342","Richardson W","brt","extra","2065","0","10253","1549","moderate","32.951149","-96.756057"
"X424","Zacha Junction","metro","extra","2060","0","10269","805","moderate","32.864521","-96.681006"
"X500","McKinney","commuter","extra","2040","1","10279","1406","moderate","33.1976","-96.6155"
"X349","Carrollton","brt","extra","2065","0","10298","3546","moderate","32.953535","-96.881998"
"X244","Fair Park E10","metro","extra","2045","0","10322","2117","moderate","32.777985","-96.682746"
"X391","Mesquite SE","brt","extra","2065","1","10324","2504","moderate","32.765285","-96.597063"
"X052","Sundance Square S3","commuter","extra","2060","0","10377","3579","moderate","32.698901","-97.343439"
"X439","Euless","metro","extra","2065","0","10382","1973","moderate","32.819701","-97.09822"
"X272","Balch Springs NW","metro","extra","2050","0","10445","3275","moderate","32.76295","-96.65676"
"X531","Winnetka Heights Historic District","brt","extra","2045","0","10543","1980","moderate","32.746024","-96.849788"
"X214","Frisco","metro","extra","2045","1","10549","344","moderate","33.160926","-96.836717"
"X042","Sundance Square SW2","commuter","extra","2035","0","10581","3342","moderate","32.699481","-97.355351"
"X337","Garland N","brt","extra","2065","0","10606","1901","moderate","32.93957","-96.636033"
"X332","Rose Hill","brt","extra","2065","0","10708","1219","moderate","32.851053","-96.598554"
"X462","Outlet Mall","metro","extra","2065","0","10752","101","moderate","32.677846","-97.050527"
"X451","Irving W2","metro","extra","2065","0","10841","56","moderate","32.836421","-96.993238"
"X399","Cowboys/Rangers Stadiums","metro","extra","2060","0","10939","1029","moderate","32.750424","-97.088303"
"X413","Trinity Groves South?","metro","extra","2060","0","10996","466","moderate","32.771676","-96.836196"
"X395","Arlington","metro","extra","2060","0","11012","4262","moderate","32.721328","-97.14621"
"X497","Watters Creek","commuter","extra","2040","1","11013","1055","moderate","33.0518","-96.709"
"X563","New Koreatown","commuter","extra","2050","0","11027","778","moderate","32.978541","-96.878695"
"X246","Mesquite NW2","metro","extra","2045","0","11093","1091","moderate","32.802088","-96.645616"
"X449","Estelle","metro","extra","2065","0","11220","103","moderate","32.857035","-97.014692"
"X247","towne","metro","extra","2045","0","11313","310","moderate","32.808804","-96.624036"
"X200","Addison W","metro","extra","2040","0","11317","3445","moderate","32.953156","-96.855471"
"X535","Sundance Square S","commuter","extra","2035","0","11586","393","moderate","32.718392","-97.32487"
"X233","Highland Park Village","metro","extra","2045","0","11631","929","moderate","32.836011","-96.805131"
"X335","Garland","brt","extra","2065","0","11707","5178","moderate","32.899496","-96.630851"
"X013","Six Points","brt","extra","2035","1","11718","423","moderate","32.771588","-97.304906"
"X577","Mesquite E","commuter","extra","2040","0","11724","2492","moderate","32.766778","-96.591464"
"X533","Cockrell Hill NW","brt","extra","2045","1","11754","2696","moderate","32.742336","-96.891421"
"S035","Riverside / Race St","metro","fw","2050","1","11989","904","moderate","32.774","-97.27"
"X496","Ridgmar Mall / BRT Transfer","brt","extra","2060","1","0","637","park-ride","32.742491","-97.44034"
"S033","Ridgmar Mall / BRT Transfer","metro","fw","2040","1","1887","644","park-ride","32.742118","-97.438575"
"S039","Handley","metro","fw","2040","1","3917","648","park-ride","32.732498","-97.218083"
"X392","Handley","metro","extra","2060","1","3917","648","park-ride","32.732464","-97.218083"
"X039","Lake Worth","brt","extra","2055","1","4148","28","park-ride","32.811075","-97.429509"
"X023","Forest Hill E2","brt","extra","2040","1","4420","35","park-ride","32.662214","-97.244891"
"X484","Berry/Stalcup","brt","extra","2065","1","4864","594","park-ride","32.708631","-97.237985"
"S046","Berry / Stalcup","metro","fw","2055","1","4864","594","park-ride","32.7085","-97.238"
"X030","S Main","brt","extra","2060","1","4927","192","park-ride","32.746524","-97.325622"
"S047","Benbrook","metro","fw","2070","1","4945","21","park-ride","32.6753","-97.4678"
"X255","Hi Line W3","metro","extra","2055","0","0","265","park-ride?","32.822594","-96.883509"
"X291","Sunset Acres","metro","extra","2070","0","0","20","park-ride?","32.669856","-96.96478"
"X447","Estelle W","metro","extra","2070","0","0","159","park-ride?","32.871596","-97.039514"
"X411","Metrocare hillside adult mental health clinic and primary care","metro","extra","2065","0","0","576","park-ride?","32.772777","-96.873934"
"X277","Forest Hill","metro","extra","2070","0","0","35","park-ride?","32.6931","-97.239049"
"X453","Shady Grove NE","metro","extra","2070","0","0","552","park-ride?","32.816127","-97.012316"
"X298","Vibra Specialty Hospital of Desoto","metro","extra","2070","0","0","498","park-ride?","32.671428","-96.868421"
"X446","Cypress Waters SW3","metro","extra","2070","0","0","122","park-ride?","32.89228","-97.039415"
"X445","Cypress Waters SW2","metro","extra","2070","0","0","48","park-ride?","32.897739","-97.0414"
"X444","Texas Health Surgical Specialists","metro","extra","2070","0","0","65","park-ride?","32.877069","-97.041625"
"X063","Roanoke SW","commuter","extra","2050","0","550","250","park-ride?","32.984351","-97.239123"
"X480","Ederville N","brt","extra","2065","0","1580","468","park-ride?","32.778605","-97.217085"
"X288","North Westchester Meadows W","metro","extra","2070","0","1916","85","park-ride?","32.676544","-97.031314"
"X553","Saginaw N","commuter","extra","2060","0","2001","500","park-ride?","32.920957","-97.361427"
"X257","Hi Line W","metro","extra","2055","0","2143","55","park-ride?","32.812534","-96.862623"
"X283","Parks Mall","metro","extra","2070","0","2168","300","park-ride?","32.678092","-97.133189"
"X290","North Westchester Meadows E","metro","extra","2070","0","2178","32","park-ride?","32.672117","-96.984393"
"X572","Wheatley Place Historic District SE","commuter","extra","2045","0","2357","232","park-ride?","32.745074","-96.752231"
"S024","University Park","metro","fw","2040","0","2506","263","park-ride?","32.729245","-97.361298"
"X022","Forest Hill S","brt","extra","2045","0","2636","216","park-ride?","32.661838","-97.267255"
"X502","Frisco S","metro","extra","2055","0","2720","212","park-ride?","33.133649","-96.823891"
"X216","Frisco S2","metro","extra","2050","0","3045","143","park-ride?","33.133567","-96.82925"
"X590","Cedar Hill","commuter","extra","2050","0","3091","403","park-ride?","32.571822","-96.959549"
"X278","Lindberg SW","metro","extra","2070","0","3162","38","park-ride?","32.67166","-97.239208"
"X285","Enchanted Creek","metro","extra","2070","0","3197","270","park-ride?","32.679577","-97.083556"
"X286","Enchanted Creek NE","metro","extra","2070","0","3214","119","park-ride?","32.678326","-97.069456"
"X456","Indian Hills NW","metro","extra","2070","0","3379","356","park-ride?","32.788801","-97.054433"
"X571","South Dallas SW2","commuter","extra","2045","0","3611","540","park-ride?","32.754554","-96.777526"
"X483","Handley","brt","extra","2065","0","3693","50","park-ride?","32.732446","-97.225386"
"S036","Butler Place","metro","fw","2045","0","3837","236","park-ride?","32.750355","-97.316533"
"X245","Mesquite W2","metro","extra","2050","0","3926","554","park-ride?","32.792474","-96.668165"
"S050","Hulen Mall","metro","fw","2040","0","4001","51","park-ride?","32.6455","-97.4161"
"X231","Meaders","metro","extra","2050","0","4061","463","park-ride?","32.894904","-96.80415"
"X499","Fairview","commuter","extra","2045","0","4097","283","park-ride?","33.159586","-96.636305"
"X050","Edgecliff Village NW","commuter","extra","2065","0","4384","570","park-ride?","32.672645","-97.351996"
"X486","Renaissance Square","brt","extra","2065","0","4567","353","park-ride?","32.713308","-97.285146"
"S045","Renaissance Sq","metro","fw","2060","0","4567","447","park-ride?","32.7124","-97.2852"
"X407","Arcadia Park","metro","extra","2065","0","4607","209","park-ride?","32.743796","-96.921395"
"X375","Mill Creek Estates W","brt","extra","2070","0","4610","477","park-ride?","32.589654","-96.827612"
"S028","Clearfork","metro","fw","2040","0","4615","479","park-ride?","32.708797","-97.395995"
"X043","Texas Health Care Rheumatology E","commuter","extra","2040","0","4685","133","park-ride?","32.676119","-97.380408"
"X576","Mesquite","commuter","extra","2045","0","4752","365","park-ride?","32.773429","-96.627763"
"X274","Mesquite NW","metro","extra","2055","0","4767","565","park-ride?","32.776008","-96.618041"
"X282","Dalworthington Gardens","metro","extra","2070","0","4800","373","park-ride?","32.677733","-97.152429"
"X070","Fort Worth","commuter","extra","2050","0","4869","181","park-ride?","32.786577","-97.322962"
"X540","Burleson","commuter","extra","2040","0","4899","359","park-ride?","32.56312","-97.322804"
"S014","S Main","metro","fw","2040","0","4927","332","park-ride?","32.741798","-97.325896"
"S012","T&P Station","metro","fw","2040","0","4927","91","park-ride?","32.745606","-97.327894"
"X345","Addison","brt","extra","2065","0","12557","334","strong","32.95399","-96.818478"
"X275","Mesquite NE","metro","extra","2050","1","12592","2403","strong","32.766698","-96.59933"
"X295","Duncanville SW","metro","extra","2070","0","12655","1627","strong","32.650277","-96.90936"
"S023","John Peter Smith","metro","fw","2055","0","12763","554","strong","32.728231","-97.326441"
"X053","Fort Worth","commuter","extra","2060","0","12763","388","strong","32.726005","-97.324769"
"X518","Swiss Avenue Historic District","brt","extra","2040","0","12839","1821","strong","32.805587","-96.76883"
"X199","Addison W2","metro","extra","2040","0","13131","2888","strong","32.963616","-96.853478"
"X218","Dr pepper ballpark","metro","extra","2045","0","13148","424","strong","33.099252","-96.818468"
"X254","Irving E","metro","extra","2050","0","13199","247","strong","32.833485","-96.90292"
"X414","Trinity Groves","metro","extra","2060","0","13354","592","strong","32.778593","-96.831922"
"S032","Ridgmar","metro","fw","2040","0","13502","247","strong","32.736983","-97.424745"
"S034","Six Points","metro","fw","2050","0","13817","615","strong","32.773138","-97.306198"
"X252","Irving N","metro","extra","2050","0","13833","1147","strong","32.851703","-96.943125"
"X558","Fort Worth Stockyards National Historic District NE3","commuter","extra","2055","0","13991","834","strong","32.8148","-97.323206"
"S019","Museum Way","metro","fw","2040","1","14037","1489","strong","32.747239","-97.364621"
"X215","Haven Behavioral Hospital Of Frisco","metro","extra","2045","0","14172","498","strong","33.150534","-96.834581"
"X501","Frisco","metro","extra","2050","1","14172","1489","strong","33.150543","-96.82393"
"X566","Frisco","commuter","extra","2050","0","14172","1013","strong","33.151512","-96.828998"
"X041","Sundance Square SW","commuter","extra","2035","0","14260","1155","strong","32.726976","-97.347332"
"X397","UTA E","metro","extra","2060","0","14334","3004","strong","32.732415","-97.107201"
"X432","Parks Mall","metro","extra","2065","0","14461","668","strong","32.681665","-97.133393"
"X223","Baylor Scott & White The Heart Hospital - Plano","metro","extra","2045","0","14729","419","strong","33.007264","-96.824618"
"X365","North Westchester Meadows NE2","brt","extra","2065","0","14879","2955","strong","32.700689","-96.993883"
"X562","Carrollton NW2","commuter","extra","2050","0","15174","597","strong","32.957299","-96.906069"
"X530","Bishop Arts District","brt","extra","2045","0","15276","387","strong","32.743228","-96.824896"
"X197","Hebron","metro","extra","2040","1","15362","971","strong","32.996906","-96.847392"
"X396","UTA W","metro","extra","2060","0","15687","3301","strong","32.729918","-97.126886"
"X547","Fort Worth Stockyards National Historic District NE4","commuter","extra","2070","0","15735","1550","strong","32.822461","-97.329386"
"X398","Downtown Arlington","metro","extra","2060","0","16051","2293","strong","32.738854","-97.106215"
"S048","TCU","metro","fw","2035","0","16175","2314","strong","32.7096","-97.3604"
"X437","Kindred Hospital Tarrant County","metro","extra","2065","0","16190","1408","strong","32.772668","-97.097112"
"X340","Richardson","brt","extra","2065","0","16258","2544","strong","32.945317","-96.708159"
"X489","TCU E","brt","extra","2060","0","16556","2884","strong","32.706084","-97.353596"
"X557","Melody Hills","commuter","extra","2055","0","17110","642","strong","32.823646","-97.305714"
"X198","Addison","metro","extra","2040","0","17114","1148","strong","32.982482","-96.855162"
"X207","Oak Lawn","metro","extra","2040","0","17344","402","strong","32.824236","-96.820054"
"X202","Forest and Marsh","metro","extra","2040","1","17522","841","strong","32.909175","-96.856885"
"X506","Eating Recovery Center Dallas / Plano","metro","extra","2050","0","17551","1100","strong","33.070527","-96.812679"
"X344","Addison Double East","brt","extra","2065","0","17627","3096","strong","32.953903","-96.803665"
"X415","Design District","metro","extra","2060","0","17646","554","strong","32.788387","-96.819155"
"X418","Old East Dallas","metro","extra","2060","0","18018","1531","strong","32.806144","-96.776314"
"X250","Las Colinas SW","metro","extra","2050","0","18033","1238","strong","32.866387","-96.984747"
"X249","Great Restaurants","metro","extra","2050","1","18045","1533","strong","32.85517","-96.992241"
"X341","Richardson NW","brt","extra","2065","0","18334","319","strong","32.949068","-96.731669"
"S031","Arlington Heights","metro","fw","2040","0","18564","472","strong","32.73119","-97.387792"
"X433","South Arlington","metro","extra","2065","0","19470","3363","strong","32.707293","-97.130514"
"X232","A famous place","metro","extra","2045","0","20372","500","strong","32.863568","-96.806612"
"X205","Love Field","metro","extra","2040","0","20378","3650","strong","32.844635","-96.848453"
"X458","Great Southwest N","metro","extra","2065","0","21311","728","strong","32.752921","-97.045652"
"X401","Great Southwest N","metro","extra","2060","0","21311","964","strong","32.750837","-97.047877"
"X400","Six Flags","metro","extra","2060","0","21502","303","strong","32.757252","-97.070628"
"X523","Medical City Dallas","brt","extra","2045","0","21709","412","strong","32.909538","-96.7734"
"X526","Richardson SE","brt","extra","2045","0","21775","787","strong","32.909436","-96.717748"
"X525","Richland College","brt","extra","2045","0","21781","172","strong","32.909231","-96.734794"
"X457","Carrier South","metro","extra","2065","0","22037","1233","strong","32.777193","-97.048088"
"X303","Bishop Arts District W","metro","extra","2070","0","23177","1578","strong","32.751651","-96.835364"
"X220","Eating Recovery Center Dallas / Plano W","metro","extra","2045","0","23676","385","strong","33.067785","-96.820826"
"X357","Las Colinas SW2","brt","extra","2065","0","23757","704","strong","32.866355","-96.991601"
"S008","Trinity Bluff","metro","fw","2050","0","23827","427","strong","32.761839","-97.328527"
"X505","Eating Recovery Center Dallas / Plano NW2","metro","extra","2050","0","24036","58","strong","33.087719","-96.822523"
"X514","Hi Line","brt","extra","2040","0","24531","40","strong","32.802581","-96.816117"
"X031","Magnolia W","brt","extra","2055","1","25248","1014","strong","32.73301","-97.339404"
"S020","Medical City - Baylor","metro","fw","2035","0","25601","1029","strong","32.729784","-97.34569"
"X226","Addison E","metro","extra","2045","0","27350","414","strong","32.954124","-96.826527"
"S021","Magnolia W","metro","fw","2035","0","29218","1240","strong","32.730686","-97.339424"
"X402","Grand Prairie","metro","extra","2060","0","29785","85","strong","32.753586","-97.030047"
"X208","Turtel Creek","metro","extra","2040","0","32298","721","strong","32.810308","-96.810316"
"S018","W 7th W","metro","fw","2040","0","32900","1422","strong","32.750173","-97.358408"
"X355","Cypress Waters SW","brt","extra","2065","0","33940","353","strong","32.910654","-96.993881"
"X219","Eating Recovery Center Dallas / Plano NW","metro","extra","2045","0","33953","318","strong","33.087888","-96.819549"
"X570","Dallas","commuter","extra","2040","1","35140","337","strong","32.773278","-96.806906"
"S016","TCC Trinity River","metro","fw","2050","0","35785","1230","strong","32.755097","-97.339228"
"X033","TCC Trinity River","brt","extra","2055","0","35785","1225","strong","32.754976","-97.339474"
"X261","Victory","metro","extra","2050","0","35831","224","strong","32.793024","-96.812029"
"S017","W 7th E","metro","fw","2040","0","35853","1279","strong","32.751093","-97.352142"
"X234","Turtel Creek","metro","extra","2045","0","36109","965","strong","32.811036","-96.807653"
"S022","Magnolia E","metro","fw","2035","0","39656","1032","strong","32.730704","-97.331571"
"X032","A Stop","brt","extra","2055","0","40240","551","strong","32.749122","-97.337377"
"X237","Downtown","metro","extra","2045","0","42296","391","strong","32.778222","-96.789895"
"S011","Central Station","metro","fw","2035","1","42667","430","strong","32.752543","-97.326747"
"X517","Old East Dallas","brt","extra","2040","0","45246","1193","strong","32.802856","-96.780246"
"S009","Courthouse","metro","fw","2035","0","46621","739","strong","32.757116","-97.332894"
"X211","Downtown","metro","extra","2040","0","48440","89","strong","32.77474","-96.793066"
"S013","Convention Center","metro","fw","2035","0","49821","479","strong","32.749095","-97.328575"
"S010","Sundance Square","metro","fw","2035","0","51035","617","strong","32.75512","-97.331555"
"X225","Addison Circle","metro","extra","2045","0","53671","426","strong","32.964694","-96.826246"
"X259","Design District W","metro","extra","2050","0","54333","545","strong","32.80106","-96.839606"
"X258","Bachman Lake","metro","extra","2050","0","54868","841","strong","32.81697","-96.843376"
"X228","Addison South","metro","extra","2045","0","55578","393","strong","32.935855","-96.826149"
"X513","Design District","brt","extra","2040","0","56232","35","strong","32.802911","-96.831542"
"X229","Galleria","metro","extra","2045","0","65527","278","strong","32.928957","-96.818245"
"X516","Uptown","brt","extra","2040","0","69775","209","strong","32.793671","-96.795061"
"X308","Uptown","metro","extra","2070","0","74308","52","strong","32.797618","-96.793614"
"X235","Uptown","metro","extra","2045","0","75755","593","strong","32.796682","-96.802103"
"X209","Pearl","metro","extra","2040","0","79715","494","strong","32.793373","-96.804541"
"X417","Uptown","metro","extra","2060","0","81187","728","strong","32.802683","-96.80098"
"X416","Pearl","metro","extra","2060","0","85483","651","strong","32.796184","-96.807948"
"X262","Victory Park","metro","extra","2050","0","103257","329","strong","32.79089","-96.804995"
"X210","Arts District","metro","extra","2040","0","109471","251","strong","32.785542","-96.802313"
"X448","Estelle SW","metro","extra","2070","0","0","955","weak","32.857619","-97.031744"
"X412","Metrocare hillside adult mental health clinic and primary care NE","metro","extra","2065","0","0","698","weak","32.772788","-96.855792"
"X386","Kleberg","brt","extra","2070","0","0","746","weak","32.671229","-96.608239"
"X429","La Frontera","metro","extra","2070","0","0","2064","weak","32.618548","-97.138215"
"X378","Lancaster SE","brt","extra","2070","0","0","7506","weak","32.584991","-96.751793"
"X026","Haltom City","brt","extra","2065","0","0","991","weak","32.76654","-97.264264"
"X393","Arlington Lakeside W","metro","extra","2065","0","0","3407","weak","32.728887","-97.19271"
"X474","Fort Worth Stockyards National Historic District E","brt","extra","2065","0","0","854","weak","32.795182","-97.312537"
"X356","Las Colinas","brt","extra","2070","0","0","735","weak","32.888715","-96.991131"
"X362","Entertainment","brt","extra","2070","0","0","1306","weak","32.770589","-96.99494"
"X479","Riverbend","brt","extra","2065","0","0","661","weak","32.794513","-97.22122"
"X465","Lake Port Village","metro","extra","2065","1","0","5362","weak","32.627499","-97.039729"
"X587","Midlothian","commuter","extra","2070","0","0","884","weak","32.487466","-96.990649"
"X380","Wilmer W","brt","extra","2070","0","0","2150","weak","32.5875","-96.699237"
"X542","Bowie","commuter","extra","2070","1","0","1000000","weak","33.558088","-97.849522"
"X443","Euless NE","metro","extra","2070","0","0","727","weak","32.862951","-97.04889"
"X385","Sand Branch NW","brt","extra","2070","0","0","3004","weak","32.651995","-96.617228"
"X379","Lancaster E","brt","extra","2070","0","0","7253","weak","32.587594","-96.725592"
"X384","Sand Branch","brt","extra","2070","0","0","5075","weak","32.630735","-96.613406"
"X387","Sand Branch N","brt","extra","2070","0","0","1616","weak","32.686912","-96.589325"
"X369","Cedar Hill","brt","extra","2070","0","0","4633","weak","32.617491","-96.973801"
"X543","Decatur","commuter","extra","2070","0","0","883","weak","33.235616","-97.580358"
"X383","Sand Branch SW","brt","extra","2070","0","0","7594","weak","32.613677","-96.628201"
"X351","Valley Ranch NE","brt","extra","2070","0","0","830","weak","32.951189","-96.934964"
"X382","Wilmer NE","brt","extra","2070","0","0","4321","weak","32.604004","-96.651997"
"X425","Zacha Junction N2","metro","extra","2060","1","0","1052","weak","32.881345","-96.674518"
"X055","Mansfield","commuter","extra","2045","1","0","1760","weak","32.567468","-97.142053"
"X256","Hi Line W2","metro","extra","2055","0","0","1447","weak","32.808095","-96.881879"
"X569","Sherman","commuter","extra","2050","1","0","36207","weak","33.640283","-96.606733"
"X361","Indian Hills N","brt","extra","2070","0","0","3636","weak","32.79174","-96.994444"
"X046","Primrose","commuter","extra","2035","1","0","2035","weak","32.599686","-97.441755"
"X589","Midlothian","commuter","extra","2045","1","0","1235","weak","32.4824","-96.9942"
"X551","Gainesville","commuter","extra","2055","1","0","40390","weak","33.625847","-97.140163"
"X367","Sunset Acres W","brt","extra","2070","0","1015","1313","weak","32.659681","-96.981397"
"X012","Lockheed Gate","brt","extra","2060","1","1286","2910","weak","32.765491","-97.446112"
"X455","Shady Grove W","metro","extra","2070","0","1401","774","weak","32.798267","-97.046867"
"X405","Grand Prairie E","metro","extra","2065","0","1433","1517","weak","32.746213","-96.969747"
"X045","Mesa Springs","commuter","extra","2040","0","1477","779","weak","32.625706","-97.421017"
"X064","Keller","commuter","extra","2050","0","1504","2618","weak","32.95574","-97.254696"
"X537","Edgecliff Village","commuter","extra","2040","0","1553","697","weak","32.656317","-97.328773"
"X021","Tarrant County College South Campus","brt","extra","2045","0","1578","909","weak","32.669789","-97.280205"
"X578","Mesquite E2","commuter","extra","2045","0","1593","2232","weak","32.763191","-96.554276"
"X394","Arlington Lakeside","metro","extra","2065","0","1778","4360","weak","32.720482","-97.172103"
"X069","Haltom City","commuter","extra","2050","0","1792","1555","weak","32.809646","-97.297779"
"X421","Lakewood E","metro","extra","2065","0","1805","2526","weak","32.817854","-96.719274"
"S006","Panther Island - Lagrave","metro","fw","2040","0","1812","2858","weak","32.76988","-97.341418"
"X027","Sundance Square E2","brt","extra","2065","0","1843","991","weak","32.765235","-97.286496"
"X056","Forest Hill","commuter","extra","2050","0","1898","1560","weak","32.650651","-97.236002"
"X034","Fort Worth","brt","extra","2060","0","1910","2869","weak","32.766514","-97.352986"
"X471","Fort Worth","brt","extra","2065","0","1910","3176","weak","32.767123","-97.35955"
"X035","Fort Worth Stockyards National Historic District SW","brt","extra","2060","0","1935","4518","weak","32.776501","-97.368114"
"X575","Mesquite W","commuter","extra","2045","0","1987","2028","weak","32.776451","-96.664614"
"X038","Sansom Park","brt","extra","2060","0","2054","681","weak","32.80466","-97.412922"
"X366","North Westchester Meadows NE","brt","extra","2070","0","2178","973","weak","32.681386","-96.985113"
"X368","Sunset Acres SW2","brt","extra","2070","0","2334","3452","weak","32.639035","-96.972011"
"X390","Mesquite S","brt","extra","2070","0","2353","1208","weak","32.743838","-96.599038"
"X545","Saginaw NW","commuter","extra","2070","0","2389","5338","weak","32.893726","-97.392102"
"X573","Fair Park E3","commuter","extra","2045","0","2394","2082","weak","32.772681","-96.735004"
"X555","Saginaw SE","commuter","extra","2060","0","2419","2071","weak","32.85818","-97.36069"
"X541","Alvarado","commuter","extra","2035","1","2448","27575","weak","32.406212","-97.20744"
"X242","Fair Park E5","metro","extra","2050","0","2474","1189","weak","32.781366","-96.726524"
"X048","Crowley N","commuter","extra","2065","0","2486","6213","weak","32.609765","-97.355266"
"X006","BRT/ Subway","brt","extra","2065","0","2495","1822","weak","32.751981","-97.431686"
"X353","Coppell","brt","extra","2070","0","2581","2910","weak","32.949765","-96.98524"
"X024","Haltom City SE2","brt","extra","2060","1","2621","1020","weak","32.777231","-97.223627"
"X292","Sunset Acres SW","metro","extra","2070","0","2652","1308","weak","32.658702","-96.97194"
"X408","Cockrell Hill W","metro","extra","2065","0","2659","998","weak","32.731556","-96.908861"
"X586","Britton","commuter","extra","2070","0","2667","1379","weak","32.550076","-97.06934"
"X539","Crowley","commuter","extra","2040","0","2697","812","weak","32.594288","-97.328011"
"X372","Hillside Village E","brt","extra","2070","0","2701","3085","weak","32.589941","-96.907169"
"X592","Duncanville","commuter","extra","2050","0","2706","1730","weak","32.628386","-96.92989"
"X438","Viridian","metro","extra","2070","0","2787","4161","weak","32.799898","-97.098101"
"X544","Saginaw NW2","commuter","extra","2070","0","2807","3442","weak","32.921962","-97.406308"
"S001","Meacham / Mercado N","metro","fw","2035","1","2816","2901","weak","32.813","-97.349"
"X460","Indian Hills SW","metro","extra","2070","0","2855","3911","weak","32.71206","-97.044563"
"X005","NAS JRB","brt","extra","2065","0","2863","2756","weak","32.759658","-97.420915"
"S044","Berry / Riverside","metro","fw","2060","0","2896","2053","weak","32.7059","-97.3043"
"X017","Berry/Riverside","brt","extra","2040","0","2896","2057","weak","32.705882","-97.304345"
"X003","Fair Oaks","brt","extra","2065","0","2974","4197","weak","32.783828","-97.385837"
"S043","Fair Oaks","metro","fw","2060","0","2974","4225","weak","32.7836","-97.3857"
"S007","Panther Island South","metro","fw","2040","0","3026","1273","weak","32.763747","-97.337321"
"X025","Haltom City SE","brt","extra","2065","0","3116","1140","weak","32.770435","-97.24392"
"X376","Mill Creek Estates","brt","extra","2070","0","3185","5467","weak","32.592625","-96.8016"
"X588","Waxahachie","commuter","extra","2065","1","3282","5350","weak","32.391661","-96.851799"
"X470","Sundance Square W","brt","extra","2065","0","3288","2915","weak","32.759326","-97.375428"
"X206","Oak Lawn NW","metro","extra","2045","0","3325","3012","weak","32.8353","-96.8347"
"X552","Sanger","commuter","extra","2060","0","3417","1883","weak","33.363367","-97.169313"
"X564","Hebron","commuter","extra","2055","0","3564","2262","weak","33.027084","-96.86436"
"X406","Collins Learning Center","metro","extra","2065","0","3723","1771","weak","32.74639","-96.944451"
"X068","Watauga SW","commuter","extra","2050","0","4104","765","weak","32.832448","-97.275218"
"X047","Crowley","commuter","extra","2060","1","4181","9702","weak","32.578517","-97.359057"
"X377","Lancaster","brt","extra","2070","0","4270","5987","weak","32.592046","-96.775173"
"X333","Centerville","brt","extra","2070","0","4328","3225","weak","32.867389","-96.608192"
"X389","Balch Springs","brt","extra","2070","0","4494","1411","weak","32.7242","-96.599547"
"X020","Forest Hill NW","brt","extra","2045","0","4534","2058","weak","32.680112","-97.273452"
"X019","Forest Hill NW2","brt","extra","2045","0","4534","2114","weak","32.680667","-97.27435"
"X373","De Soto","brt","extra","2070","0","4632","5448","weak","32.58992","-96.880645"
"S040","Oakland Corners","metro","fw","2045","0","4653","1656","weak","32.740877","-97.261838"
"X478","North Richland Hills","brt","extra","2065","0","4676","903","weak","32.809053","-97.224417"
"X239","Baylor South","metro","extra","2050","0","4680","613","weak","32.771691","-96.771463"
"X568","Celina","commuter","extra","2055","0","4714","11646","weak","33.324268","-96.78434"
"X294","Duncanville","metro","extra","2070","0","4720","2483","weak","32.647332","-96.931295"
"S053","Everman","metro","fw","2055","1","4753","3320","weak","32.633","-97.295"
"X529","Dallas","brt","extra","2050","0","4889","670","weak","32.761614","-96.816138"
"X001","Stockyards Main","brt","extra","2060","1","4925","4750","weak","32.795073","-97.349091"
"S003","Stockyards North","metro","fw","2040","0","4925","4744","weak","32.795131","-97.349067"
"X593","Duncanville NE","commuter","extra","2050","0","4977","1256","weak","32.653377","-96.907193"
"X469","River Oaks S","brt","extra","2065","0","4979","2970","weak","32.760046","-97.396793"
"X329","Mesquite N2","brt","extra","2070","0","4985","817","weak","32.798051","-96.59574"
